Date,close,high,low,open,volume,rsi_14,macd,macd_signal,macd_diff,bb_bbm,bb_bbh,bb_bbl,bb_bbhi,bb_bbli,ema_10,ema_50,atr,volume_change_pct,next_close,target,pred_rf,pred_lstm
2023-01-12,123.55999755859376,124.12999725341795,117.0,122.55999755859376,169400900,39.73065916002164,-14.111938231258662,-16.813922925802615,2.7019846945439525,126.78949928283691,157.94978739898824,95.6292111666856,0.0,0.0,120.8639957729712,159.9375455787775,9.622513679954718,-0.078395284716676,122.4000015258789,0,1,0
2023-01-13,122.4000015258789,122.62999725341795,115.5999984741211,116.5500030517578,180714100,39.056680884132085,-13.04969469796795,-16.061077280235683,3.011382582267732,125.06949920654296,153.04908864689287,97.08990976619306,0.0,0.0,121.14326954622712,158.46548502768346,9.503762637420284,0.0667835885169441,131.49000549316406,1,1,0
2023-01-17,131.49000549316406,131.6999969482422,125.0199966430664,125.6999969482422,186477000,46.688580150272585,-11.343609622381637,-15.117583748664874,3.773974126283239,123.7604995727539,147.67053049622385,99.85046864928395,0.0,0.0,123.02449426385202,157.4076230851533,9.489207836344786,0.0318895979893101,128.77999877929688,0,1,0
2023-01-18,128.77999877929688,136.67999267578125,127.01000213623048,136.55999755859375,195680300,44.8839485434468,-10.093844248343188,-14.112835848600538,4.018991600257349,122.6879997253418,143.4726282808333,101.9033711698503,0.0,0.0,124.07094963029654,156.2849711515903,9.502120886573788,0.0493535395786075,127.16999816894533,0,1,0
2023-01-19,127.16999816894533,129.99000549316406,124.30999755859376,127.26000213623048,170291900,43.80077012980133,-9.12808687579593,-13.115886054039615,3.9877991782436872,121.5529998779297,138.378378711361,104.72762104449838,0.0,0.0,124.63441300095997,155.14320750521208,9.229112818573538,-0.1297442818720127,133.4199981689453,1,1,0
2023-01-20,133.4199981689453,133.50999450683594,127.3499984741211,128.67999267578125,138858100,48.9510886170788,-7.768840081056098,-12.046476859442915,4.277636778386817,121.33399963378906,137.40489368864678,105.26310557893136,0.0,0.0,126.23179212241185,154.29131694300554,9.022747355667615,-0.1845877578440313,143.75,1,0,0
2023-01-23,143.75,145.3800048828125,134.27000427246094,135.8699951171875,203119200,56.11038805575942,-5.791323613400209,-10.795446210234374,5.004122596834165,121.64299926757812,139.12629237747564,104.15970615768062,1.0,0.0,129.41692082742784,153.87793196484844,9.232551595539013,0.4627825096267339,143.88999938964844,1,0,0
2023-01-24,143.88999938964844,146.5,141.10000610351562,143.0,158699100,56.20004174506982,-4.164821317191894,-9.469321231625878,5.304499914433984,122.56999931335449,142.5316038553228,102.6083947713862,1.0,0.0,132.0483896569225,153.48624833444845,8.958797474177967,-0.2186898136660641,144.42999267578125,1,1,0
2023-01-25,144.42999267578125,146.41000366210938,138.07000732421875,141.91000366210938,192734300,56.568558779138144,-2.799957417654042,-8.135448468831513,5.335491051177471,123.6339988708496,145.7573317369503,101.51066600474888,0.0,0.0,134.2995902058059,153.1311010537164,8.914597393014585,0.2144637241168978,160.27000427246094,1,1,0
2023-01-26,160.27000427246094,161.4199981689453,154.75999450683594,159.97000122070312,234815100,65.6882238532883,-0.435120589304887,-6.595382892926188,6.160262303621301,126.1924991607666,152.4498811136809,99.9351172078523,1.0,0.0,139.02148367247045,153.4110580426868,9.491412257310978,0.2183358125668342,177.89999389648438,1,1,0
2023-01-27,177.89999389648438,180.67999267578125,161.1699981689453,162.42999267578125,306590600,72.5875128077696,2.8290113754412403,-4.710504039252703,7.539515414693943,129.45199890136718,163.29472623668596,95.6092715660484,1.0,0.0,146.09030371320026,154.3714084683259,10.271310553454502,0.3056681618856709,166.66000366210938,0,1,1
2023-01-30,166.66000366210938,179.77000427246094,166.5,178.0500030517578,230878800,63.78194343139744,4.457502880401108,-2.876902655321941,7.334405535723049,131.69399909973146,168.98289255625843,94.40510564320448,0.0,0.0,149.83024915845647,154.85331416219978,10.485502961954962,-0.2469475580790801,173.22000122070312,1,0,1
2023-01-31,173.22000122070312,174.3000030517578,162.77999877929688,164.57000732421875,196813500,66.34779473176977,6.205893433059202,-1.0603434376457124,7.266236870704914,134.1959991455078,175.37616055402356,93.01583773699208,0.0,0.0,154.0829313515922,155.57357639978815,10.559395912705387,-0.1475462450428536,181.41000366210932,1,1,1
2023-02-01,181.41000366210932,183.8099975585937,169.92999267578125,173.88999938964844,213806300,69.27444676376243,8.158326186928463,0.7833904872691226,7.37493569965934,137.86149940490722,182.0394839596072,93.68351485020722,0.0,0.0,159.05148995350442,156.58676962576152,10.796582267713037,0.0863396057689132,188.2700042724609,1,1,1
2023-02-02,188.2700042724609,196.75,182.6100006103516,187.3300018310547,217448300,71.50947406784891,10.142274106176814,2.655167211050661,7.487106895126153,141.59299964904784,189.4141790889762,93.77182020911948,0.0,0.0,164.36394710240558,157.82924941582814,11.121111844154296,0.017034109846155,189.97999572753903,1,1,1
2023-02-03,189.97999572753903,199.0,183.69000244140625,183.9499969482422,232662000,72.05515563780364,11.717477360053692,4.4676292408512674,7.249848119202425,145.57499961853028,195.53848771438425,95.61151152267637,0.0,0.0,169.02141048879346,159.09006299667956,11.420317966614258,0.069964676661073,194.759994506836,1,1,1
2023-02-06,194.759994506836,198.1699981689453,189.9199981689453,193.009994506836,186188100,73.57855548018514,13.199388901923328,6.21398117306568,6.985407728857648,149.65999946594238,201.640658564612,97.67934036727274,0.0,0.0,173.70115303752846,160.4888838402151,11.193866683284668,-0.1997485622920803,196.8099975585937,1,0,1
2023-02-07,196.8099975585937,197.5,189.5500030517578,196.42999267578125,186010300,74.22746005767415,14.373543328862551,7.845893604225055,6.527649724637498,153.51199951171876,207.4432456793956,99.58075334404192,0.0,0.0,177.9027611322676,161.91324124093583,10.962161702210206,-0.0009549482485722,201.2899932861328,1,1,0
2023-02-08,201.2899932861328,203.0,194.3099975585937,196.1000061035156,180673600,75.63572861833106,15.487042401409385,9.37412336366192,6.112919037747462,157.63399925231934,212.92298785211216,102.34501065252653,0.0,0.0,182.15498516024303,163.45742759564945,10.799864612152785,-0.0286903467173591,207.32000732421875,1,1,0
2023-02-09,207.32000732421875,214.0,204.7700042724609,207.77999877929688,215431400,77.42387500769416,16.663978208848505,10.832094332699238,5.831883876149266,161.83899955749513,218.7865137933427,104.89148532164756,0.0,0.0,186.73044373551136,165.1775287614757,10.936303333703814,0.1923789640545159,196.88999938964844,0,1,0
2023-02-10,196.88999938964844,206.1999969482422,192.88999938964844,202.22999572753903,204754100,68.11224264913001,16.564152602131713,11.978505986585734,4.585646615545979,165.50549964904786,221.55819454409263,109.45280475400308,0.0,0.0,188.5776356726272,166.42115506061975,11.185853662337136,-0.0495624129073106,194.63999938964844,0,1,0
2023-02-13,194.63999938964844,196.3000030517578,187.6100006103516,194.4199981689453,172475500,66.26088339404427,16.117689205391997,12.806342630346988,3.3113465750450093,169.11749954223632,222.85636307153987,115.37863601293276,0.0,0.0,189.6798836211765,167.5277764068562,11.0497211706914,-0.1576456832854629,209.25,1,1,0
2023-02-14,209.25,209.82000732421875,189.44000244140625,191.94000244140625,216455700,71.64951416254235,16.74968871013516,13.595011846304624,3.154676863830536,173.00549926757813,226.54387002052476,119.46712851463153,0.0,0.0,193.2380865991444,169.16394203795988,11.716170007271478,0.2549938976840189,214.2400054931641,1,0,0
2023-02-15,214.2400054931641,214.66000366210932,206.1100006103516,211.759994506836,181006400,73.2225869220114,17.452028490113577,14.366415175066416,3.0856133150471603,177.27849960327148,229.6445280706893,124.91247113585368,0.0,0.0,197.056617307148,170.93163080090906,11.490015224734782,-0.1637716170098546,202.0399932861328,0,0,0
2023-02-16,202.0399932861328,217.6499938964844,201.83999633789065,210.77999877929688,229586500,63.88881728158664,16.83019083694191,14.859170307441516,1.971020529500393,181.0219993591309,229.04907199992837,132.99492671833335,0.0,0.0,197.9626856669634,172.15156658464335,11.798585391438992,0.2683888525488602,208.3099975585937,1,0,0
2023-02-17,208.3099975585937,208.44000244140625,197.5,199.9900054931641,213738500,66.26860678263013,16.651370328847634,15.21761031172274,1.433760017124893,184.7664993286133,228.88283929515308,140.6501593620735,0.0,0.0,199.84401510180527,173.5695442698963,11.737258037865226,-0.0690284489723916,197.3699951171875,0,0,0
2023-02-21,197.3699951171875,209.7100067138672,197.22000122070312,204.9900054931641,180018600,58.96667551953867,15.448802837677562,15.263848816913706,0.1849540207638558,187.44749908447267,227.60717277666467,147.28782539228067,0.0,0.0,199.3941932864202,174.50289528351558,11.791025713243714,-0.1577624059306115,200.8600006103516,1,1,0
2023-02-22,200.8600006103516,201.9900054931641,191.77999877929688,197.92999267578125,191828500,60.46333601957691,14.608970593763416,15.132873172283649,-0.5239025785202323,190.2959991455078,225.46518259033476,155.12681570068088,0.0,0.0,199.6607037089532,175.53650725711702,11.67809578471682,0.0656037764986507,202.07000732421875,1,1,0
2023-02-23,202.07000732421875,205.13999938964844,196.3300018310547,203.91000366210932,146360000,60.9945364144439,13.881023125207378,14.882503162868396,-1.0014800376610182,193.1779998779297,221.64965411703983,164.70634563881956,0.0,0.0,200.09875891172877,176.57703667151318,11.47323162570803,-0.2370268234386444,196.8800048828125,0,1,0
2023-02-24,196.8800048828125,197.6699981689453,192.8000030517578,196.3300018310547,142228100,57.43031997536119,12.73848832545488,14.453700195385691,-1.715211869930812,195.00849990844728,219.1618828375913,170.8551169793033,0.0,0.0,199.51353090647123,177.37323150332887,11.315858243333237,-0.0282310740639518,207.6300048828125,1,1,0
2023-02-27,207.6300048828125,209.4199981689453,201.259994506836,202.02999877929688,161028300,62.33925842763392,12.555721877495472,14.07410453180765,-1.5183826543121786,196.49500045776367,219.90156905208573,173.0884318634416,0.0,0.0,200.98925344762415,178.55977163585763,11.403296460676064,0.1321834433561299,205.7100067138672,0,1,1
2023-02-28,205.7100067138672,211.22999572753903,203.75,210.58999633789065,153144900,60.986567962343045,12.116281394790915,13.682539904404305,-1.5662585096133874,198.4475006103516,217.7238147621272,179.17118645857593,0.0,0.0,201.84757222330472,179.62448673695604,11.12306069402342,-0.0489566119744169,202.7700042724609,0,1,1
2023-03-01,202.7700042724609,207.1999969482422,198.5200042724609,206.2100067138672,156852800,58.87971580078778,11.399383028174723,13.225908529158389,-1.826525500983664,199.92500076293945,215.39418700414828,184.45581452173064,0.0,0.0,202.01528714133312,180.5321540912896,10.948555835577553,0.0242117106087111,190.8999938964844,0,1,1
2023-03-02,190.8999938964844,193.75,186.009994506836,186.7400054931641,181500700,51.1905726418165,9.760907605213191,12.53290834436935,-2.7720007391561587,200.3995002746582,214.04223644002772,186.75676410928867,0.0,0.0,199.9943247331788,180.93873604443448,11.363659687723796,0.1571403251966174,197.7899932861328,1,1,1
2023-03-03,197.7899932861328,200.47999572753903,192.8800048828125,194.8000030517578,154193300,54.8743116239887,8.915595956138816,11.809445866723244,-2.8938499105844286,200.8754997253418,213.41164422278783,188.33935522789577,0.0,0.0,199.59353719735225,181.599569661756,11.236255555104568,-0.1504534142292564,193.8099975585937,0,1,1
2023-03-06,193.8099975585937,198.6000061035156,192.3000030517578,198.5399932861328,128100100,52.41351063428069,7.834219979810882,11.014400689340771,-3.180180709529891,201.0669998168945,213.03571288142345,189.09828675236565,0.0,0.0,198.54198453575972,182.0784099714359,10.883666090579798,-0.1692239546076256,187.7100067138672,0,1,1
2023-03-07,187.7100067138672,194.1999969482422,186.1000061035156,191.3800048828125,148125800,48.80132329004516,6.411100273082212,10.09374060608906,-3.682640333006848,200.7145004272461,213.77127104240424,187.65772981208795,0.0,0.0,196.5725340226884,182.2992569025116,10.684832144447428,0.1563285274562627,182.0,0,1,1
2023-03-08,182.0,186.5,180.0,185.0399932861328,151897800,45.63116673784428,4.767560363022341,9.028504557475715,-4.260944194453376,199.9740005493164,215.31295016583243,184.6350509328004,0.0,1.0,193.9229823821996,182.28752133770723,10.472344613691694,0.0254648413713207,172.9199981689453,0,1,1
2023-03-09,172.9199981689453,185.17999267578125,172.50999450683594,180.25,170023800,41.06307724282783,2.70122484168877,7.763048614318328,-5.061823772629558,198.55550079345704,217.8757557268496,179.2352458600645,0.0,1.0,190.10425797978968,181.9201674879519,10.62931986763838,0.1193302338809383,173.44000244140625,1,1,1
2023-03-10,173.44000244140625,178.2899932861328,168.44000244140625,175.1300048828125,191488900,41.424731000003874,1.0929996334136265,6.429038818137388,-5.336039184723762,196.8615005493164,218.60059068509497,175.12241041353786,0.0,1.0,187.07439333644723,181.58761199593047,10.573653508858966,0.1262476194509239,174.47999572753906,1,1,0
2023-03-13,174.47999572753906,177.35000610351562,163.91000366210938,167.4600067138672,167790300,42.18878825581981,-0.096499280539632,5.123931198401985,-5.220430478941617,195.74100036621093,219.56855052292687,171.91345020949498,0.0,0.0,184.78450286210028,181.30888194618964,10.778392718326629,-0.1237596539538322,183.259994506836,1,1,0
2023-03-14,183.259994506836,183.8000030517578,177.13999938964844,177.30999755859375,143717900,48.31793568670948,-0.3269444041712006,4.0337560778873485,-4.360700482058549,195.1720001220703,219.61314907586865,170.73085116827195,0.0,0.0,184.5073195247795,181.38539616425425,10.67422233303321,-0.143467173012981,180.4499969482422,0,1,0
2023-03-15,180.4499969482422,182.33999633789065,176.02999877929688,180.8000030517578,145995600,46.614577741784025,-0.7279260652043149,3.081419649269016,-3.809345714473331,193.7319999694824,218.07917269654436,169.3848272424205,0.0,0.0,183.7696245108636,181.3487138420577,10.428206146926486,0.0158484085837602,184.1300048828125,1,1,0
2023-03-16,184.1300048828125,185.8099975585937,178.83999633789062,180.3699951171875,121136800,49.14314519247926,-0.7402281459887092,2.317090090217472,-3.057318236206181,192.22649993896485,214.98705138770725,169.46594849022247,0.0,0.0,183.83514821485429,181.45778407895003,10.1811915093391,-0.1702708848759825,180.1300048828125,0,1,0
2023-03-17,180.1300048828125,186.22000122070312,177.3300018310547,184.5200042724609,133197100,46.56162284331456,-1.0605191990705976,1.641568232359858,-2.7020874314304555,191.13100051879883,214.00557886521284,168.25642217238482,0.0,0.0,183.16148579084668,181.40571430655248,10.088963500789768,0.0995593411746058,183.25,1,1,0
2023-03-20,183.25,186.44000244140625,176.35000610351562,178.0800018310547,129684400,48.81997687499661,-1.0504852945691423,1.103157526974058,-2.1536428215432,189.87800064086915,211.56589463098885,168.19010665074944,0.0,0.0,183.17757928342,181.47803923570729,10.0890372748684,-0.0263721957910495,197.5800018310547,1,1,0
2023-03-21,197.5800018310547,198.0,188.0399932861328,188.27999877929688,153391400,57.668645718791176,0.112481418210649,0.9050223052213762,-0.7925408870107271,189.8885009765625,211.59109236373465,168.18590958939038,0.0,0.0,185.7962015648081,182.10948874925032,10.421963183806373,0.1828053335636359,191.1499938964844,0,0,0
2023-03-22,191.1499938964844,200.66000366210932,190.9499969482422,199.3000030517578,150376400,53.22213160397202,0.5094207292466422,0.8259019900264295,-0.3164812607797873,189.40300064086915,210.52888861390548,168.27711266783282,0.0,0.0,186.7696183523856,182.4640183628673,10.371109150239286,-0.0196555999880045,192.22000122070312,1,0,0
2023-03-23,192.22000122070312,199.3099975585937,188.6499938964844,195.259994506836,144193900,53.85969055939145,0.8999644121413155,0.8407144744494068,0.0592499376919086,188.91050033569337,209.2778615598932,168.54313911149353,0.0,0.0,187.7605970557161,182.84660592591973,10.391744472515716,-0.0411134991926924,190.41000366210932,0,1,0
2023-03-24,190.41000366210932,192.3600006103516,187.1499938964844,191.6499938964844,116312400,52.55481717079192,1.0513026557505611,0.8828321107096377,0.1684705450409234,188.5870002746582,208.64087510170737,168.53312544760905,0.0,0.0,188.24230734778757,183.1432097587115,10.021620346897963,-0.1933611616025365,191.8099975585937,1,0,0
2023-03-27,191.8099975585937,197.38999938964844,189.94000244140625,194.4199981689453,120851600,53.493356239794565,1.2695722724773475,0.9601801430631798,0.3093921294141677,187.79599990844727,205.940021145725,169.65197867116953,0.0,0.0,188.89097829520685,183.48308379007943,9.837932961279693,0.0390259336063911,189.19000244140625,0,1,0
2023-03-28,189.19000244140625,192.3500061035156,185.42999267578125,192.0,98654600,51.44247228817778,1.2171107118754207,1.011566256825628,0.2055444550497926,186.96999969482425,203.17748937998573,170.76251000966272,0.0,0.0,188.94534632178852,183.706884521504,9.629510137455028,-0.1836715442741345,193.8800048828125,1,0,1
2023-03-29,193.8800048828125,195.2899932861328,189.44000244140625,193.1300048828125,123660000,54.78432660214186,1.5362693909247866,1.11650688364546,0.4197625072793267,186.5254997253418,201.4088463386568,171.64215311202685,0.0,0.0,189.84255696924745,184.10583041802596,9.37740161654585,0.2534641060832439,195.27999877929688,1,1,1
2023-03-30,195.27999877929688,197.3300018310547,194.4199981689453,195.5800018310547,110252200,55.76303656954909,1.880495568350568,1.2693046205864815,0.6111909477640864,186.74449996948243,202.0030442273993,171.48595571156557,0.0,0.0,190.8311827528928,184.5440330988601,8.954015568809874,-0.1084247129225295,207.4600067138672,1,1,1
2023-03-31,207.4600067138672,207.7899932861328,197.1999969482422,197.52999877929688,170222100,63.22172514740252,3.100382858056122,1.63552026808041,1.464862589975712,187.22800064086917,204.35441125978107,170.1015900219572,1.0,0.0,193.85460529125177,185.44269873082115,9.208014064383164,0.5439338171936705,194.7700042724609,0,1,1
2023-04-03,194.7700042724609,202.69000244140625,192.1999969482422,199.91000366210932,169545900,53.16411937027809,3.008495122664158,1.91011523899716,1.0983798836669982,187.2760009765625,204.48113252588445,170.07086942724055,0.0,0.0,194.02104146965343,185.80847541872865,9.640299471614725,-0.0039724571603804,192.5800018310547,0,1,1
2023-04-04,192.5800018310547,198.7400054931641,190.32000732421875,197.32000732421875,126463800,51.637396604893,2.7275174130265327,2.0735956738030343,0.6539217392234984,187.51950073242188,204.8794602923387,170.15954117250504,0.0,0.0,193.75903426263548,186.074025474114,9.553135092852626,-0.2541028712578718,185.5200042724609,0,1,1
2023-04-05,185.5200042724609,190.67999267578125,183.759994506836,190.5200042724609,133882500,46.955981861924286,1.913104673872425,2.0414974738169125,-0.1283927999444873,187.6955009460449,204.89872480591504,170.4922770861748,0.0,0.0,192.26102880987645,186.0522991524805,9.50076882366449,0.0586626370550307,185.0599975585937,0,1,1
2023-04-06,185.0599975585937,186.38999938964844,179.74000549316406,183.0800018310547,123857900,46.65916128092816,1.2165345600515138,1.876504891063833,-0.6599703310123191,188.30250091552733,204.18340751681544,172.4215943142392,0.0,0.0,190.95175040055236,186.01338536448492,9.297142043151624,-0.0748761040464586,184.509994506836,0,1,1
2023-04-10,184.509994506836,185.1000061035156,176.11000061035156,179.94000244140625,142154600,46.28245308724853,0.6130502153501709,1.6238139559211004,-1.0107637405709295,188.8560005187988,203.33617993857445,174.3758210990232,0.0,0.0,189.78052205624024,185.95442886026345,9.275203718152513,0.1477233184157005,186.7899932861328,1,1,1
2023-04-11,186.7899932861328,189.19000244140625,185.6499938964844,186.69000244140625,115770900,48.15124385261723,0.3151287628317618,1.362076917303233,-1.0469481544714712,189.4715003967285,202.42063202998443,176.5223687634726,0.0,0.0,189.2367895525844,185.9871960926505,8.946975447896637,-0.1855986369769251,180.5399932861328,0,1,1
2023-04-12,180.5399932861328,191.5800018310547,180.3099975585937,190.7400054931641,150256300,43.66663734179905,-0.4204521901422993,1.0055710958141264,-1.4260232859564257,189.33550033569333,202.59611226570144,176.07488840568527,0.0,0.0,187.65555386777496,185.77358029631645,9.11290607822266,0.2978762366017713,185.8999938964844,1,1,1
2023-04-13,185.8999938964844,186.5,180.94000244140625,182.9600067138672,112933000,48.12849003672126,-0.5643921793658251,0.6915784407781361,-1.255970620143961,189.60800018310547,202.34051411005652,176.8754862561544,0.0,0.0,187.33636114572212,185.77853769240147,8.887698980768699,-0.2483975713497537,185.0,0,0,1
2023-04-14,185.0,186.27999877929688,182.009994506836,183.9499969482422,96438700,47.44891834852554,-0.7425282403930851,0.4047571045438919,-1.1472853449369769,189.65149993896483,202.31461127151093,176.98838860641874,0.0,0.0,186.9115682101363,185.74800680250337,8.557863644461,-0.14605385494054,187.0399932861328,1,0,1
2023-04-17,187.0399932861328,189.69000244140625,182.69000244140625,186.32000732421875,116662200,49.19986051993765,-0.7108971629264147,0.1816262510498305,-0.8925234139762452,189.99699935913085,201.95982214482015,178.03417657344153,0.0,0.0,186.93491822395384,185.7986729391163,8.446587669856642,0.2097031585867499,184.3099975585937,0,0,0
2023-04-18,184.3099975585937,187.69000244140625,183.5800018310547,187.1499938964844,92067000,46.94560572076928,-0.8957910245106291,-0.0338572040622613,-0.8619338204483677,190.04999923706052,201.90166118292308,178.19833729119802,0.0,0.0,186.45765992116105,185.74029351242916,8.136831451320566,-0.2108240715501679,180.58999633789065,0,1,1
2023-04-19,180.58999633789065,183.5,177.64999389648438,179.10000610351562,125732700,43.98800721986284,-1.327194676981577,-0.2925246986461245,-1.0346699783354525,189.20049896240235,201.20605730717648,177.19494061762822,0.0,0.0,185.39081199693004,185.53832107421195,8.031343752091193,0.3656652220665384,162.99000549316406,0,0,1
2023-04-20,162.99000549316406,169.6999969482422,160.55999755859375,166.1699981689453,210970800,33.299146548481446,-3.054052139585366,-0.8448301868339728,-2.209221952751393,187.79249954223636,204.3104131266336,171.2745859578391,0.0,1.0,181.3179380871544,184.65407340436693,8.888390539748743,0.6779310394193396,165.0800018310547,1,0,1
2023-04-21,165.0800018310547,166.0,161.32000732421875,164.8000030517578,123539000,35.30942360385865,-4.205475775473559,-1.5169593045618903,-2.6885164709116687,186.4354995727539,205.53331698067865,167.33768216482918,0.0,1.0,178.3655860405908,183.88646275443315,8.587790692322494,-0.414426072233693,162.5500030517578,0,0,1
2023-04-24,162.5500030517578,165.64999389648438,158.61000061035156,164.64999389648438,140006600,33.97455720835323,-5.261485925296,-2.2658646287087123,-2.995621296587288,185.04249954223636,206.6737012117226,163.41129787275003,0.0,1.0,175.4900254971666,183.04973884452428,8.477233734737517,0.1332987963315228,160.6699981689453,0,0,0
2023-04-25,160.6699981689453,163.47000122070312,158.75,159.82000732421875,121999300,32.97690222213849,-6.178856250705508,-3.048462953108072,-3.130393297597436,183.4854995727539,207.31522573156747,159.65577341394032,0.0,0.0,172.79547507385365,182.17210195528588,8.208859983735062,-0.1286175080317642,153.75,0,0,0
2023-04-26,153.75,160.6699981689453,153.13999938964844,160.2899932861328,153364100,29.53857079861085,-7.379202014851529,-3.914610765456763,-3.464591249394766,181.7134994506836,208.6509757141744,154.7760231871928,0.0,1.0,169.33266142406208,181.05750972174528,8.160369897703763,0.2570899996967195,160.19000244140625,1,0,0
2023-04-27,160.19000244140625,160.47999572753906,152.3699951171875,152.63999938964844,127015200,36.20494421774685,-7.721817994114758,-4.676052211188362,-3.045765782926396,180.02899932861328,207.90954592685588,152.14845273037068,0.0,0.0,167.67035979085193,180.2391761029085,8.15677209146432,-0.171806178890627,164.30999755859375,1,0,0
2023-04-28,164.30999755859375,165.0,157.32000732421875,160.89999389648438,122515800,40.10882355598128,-7.573590811891592,-5.255559931329008,-2.318030880562583,178.48049926757812,206.24076359162405,150.7202349435322,0.0,0.0,167.05938483953224,179.61450243450395,8.12271641891553,-0.0354241067210853,161.8300018310547,0,0,0
2023-05-01,161.8300018310547,163.27999877929688,158.8300018310547,163.1699981689453,109015000,38.57846490961291,-7.568984093977491,-5.7182447638587055,-1.8507393301187856,176.1989990234375,201.44373598969776,150.95426205717723,0.0,0.0,166.10858792889996,178.91707103829023,7.933950655245782,-0.1101963991583127,160.30999755859375,0,0,0
2023-05-02,160.30999755859375,165.49000549316406,158.92999267578125,161.8800048828125,128259700,37.63075634679844,-7.6003725151360015,-6.094670314114165,-1.5057022010218368,174.47599868774415,199.11209923524515,149.83989814024318,0.0,0.0,165.05429877066246,178.1873818822237,7.835812238255571,0.176532587258634,160.61000061035156,1,0,0
2023-05-03,160.61000061035156,165.0,159.91000366210938,160.00999450683594,119728000,37.95472584061246,-7.514418783822094,-6.378620008055751,-1.135798775766343,172.87749862670898,196.7441874414547,149.01080981196327,0.0,0.0,164.24624455969683,177.4980728127385,7.639682531086646,-0.066518945545639,161.1999969482422,1,0,0
2023-05-04,161.1999969482422,162.9499969482422,159.64999389648438,162.7100067138672,95108500,38.629873836425055,-7.314376479811983,-6.565771302406999,-0.7486051774049844,171.66149826049804,195.30489959590136,148.0180969250947,0.0,0.0,163.69238135761415,176.85893258275826,7.329705425420301,-0.2056285914740078,170.05999755859375,1,0,0
2023-05-05,170.05999755859375,170.7899932861328,163.50999450683594,163.97000122070312,107607300,47.81356056870416,-6.3675127857610505,-6.52611959907781,0.1586068133167595,170.91149826049804,193.74501377866508,148.077982742331,0.0,0.0,164.85012975779227,176.59230767984985,7.491154776311039,0.131416224627662,171.7899932861328,1,0,0
2023-05-08,171.7899932861328,173.8000030517578,169.19000244140625,173.72000122070312,112249400,49.40561647955533,-5.415098405766344,-6.303915360415518,0.8888169546491742,170.2754981994629,192.25098402520763,148.30001237371818,0.0,0.0,166.11192312658147,176.4039816251943,7.285358050171077,0.043139266573922,169.14999389648438,0,0,0
2023-05-09,169.14999389648438,169.82000732421875,166.55999755859375,168.9499969482422,88965000,47.04690310903342,-4.817792521973018,-6.006690792727019,1.1888982707540006,169.39349822998048,190.02158403275223,148.76541242720873,0.0,0.0,166.66429963020016,176.11951151818607,7.1385464556973615,-0.2074345163537622,168.5399932861328,0,1,0
2023-05-10,168.5399932861328,174.42999267578125,166.67999267578125,172.5500030517578,119840700,46.49455600994647,-4.343575225559334,-5.674067679293483,1.3304924537341485,168.79349822998046,188.77786080718025,148.8091356527807,0.0,0.0,167.00533484036973,175.82227550908596,7.182221708861836,0.3470544596189513,172.0800018310547,1,0,0
2023-05-11,172.0800018310547,173.57000732421875,166.7899932861328,168.6999969482422,103889900,50.152077006411616,-3.6401441809045703,-5.2672829796157,1.6271387987111297,168.10249862670898,186.57135371294663,149.63364354047133,0.0,0.0,167.9280015659488,175.67551967857491,7.153492589520701,-0.1331000236146818,167.97999572753906,0,0,1
2023-05-12,167.97999572753906,177.3800048828125,167.22999572753906,176.07000732421875,157849600,46.2119683441742,-3.374605881459445,-4.888747559984449,1.5141416785250046,167.25149841308593,184.0175263744752,150.48547045169667,0.0,0.0,167.93745504987427,175.37373442559314,7.367529487074468,0.5193931267620817,166.35000610351562,0,0,1
2023-05-15,166.35000610351562,169.75999450683594,164.5500030517578,167.66000366210938,105592500,44.70816468421571,-3.25813366949194,-4.562624781885948,1.3044911123940075,166.21699905395508,180.3118410081821,152.12215709972804,0.0,0.0,167.64882796871814,175.01986272668813,7.213419627646158,-0.3310562712860849,166.52000427246094,1,1,1
2023-05-16,166.52000427246094,169.52000427246094,164.35000610351562,165.64999389648438,98288800,44.90951732733515,-3.1161896760460763,-4.273337760717974,1.1571480846718971,165.32749938964844,176.73130465623152,153.92369412306536,0.0,0.0,167.44358729667135,174.6865349441694,7.067460952024669,-0.0691687383100125,173.86000061035156,1,0,1
2023-05-17,173.86000061035156,174.5,167.19000244140625,168.41000366210938,125473600,52.887117849686895,-2.383941088118064,-3.895458426197992,1.511517338079928,164.9909996032715,174.8685397287511,155.11345947779188,0.0,0.0,168.61020789915864,174.6541218330393,7.132642007418554,0.2765808515314054,176.88999938964844,1,0,1
2023-05-18,176.88999938964844,177.05999755859375,172.4499969482422,174.22000122070312,109520300,55.73663594427728,-1.5413653278531283,-3.42463980652902,1.883274478675891,165.6859992980957,176.7833027689728,154.58869582721863,1.0,0.0,170.11562453379315,174.74180330584753,6.952453336199484,-0.1271446742581706,180.13999938964844,1,1,1
2023-05-19,180.13999938964844,181.9499969482422,176.30999755859375,177.1699981689453,136196700,58.62713562818241,-0.6044029478409811,-2.860592434791412,2.25618948695043,166.4389991760254,179.19016720893134,153.68783114311944,1.0,0.0,171.93823814394864,174.95349726991816,6.858706625731552,0.2435749354229306,188.8699951171875,1,1,1
2023-05-22,188.8699951171875,189.32000732421875,180.11000061035156,180.6999969482422,132001400,65.20087123823137,0.8329820853949172,-2.121877530754146,2.9548596161490632,167.75499877929687,183.6694552259285,151.84054233266525,1.0,0.0,175.01673941181025,175.49924228353655,7.026656632026954,-0.0308032426630013,185.7700042724609,0,1,1
2023-05-23,185.7700042724609,192.9600067138672,185.259994506836,186.1999969482422,156952100,61.46610519125345,1.7023530601697132,-1.357031412569374,3.0593844727390875,169.00999908447267,186.38349783348065,151.63650033546472,0.0,0.0,176.9718784773831,175.90201726349437,7.074753458812973,0.1890184498043203,182.8999938964844,0,1,1
2023-05-24,182.8999938964844,184.22000122070312,178.22000122070312,182.22999572753903,137605100,58.14537986741332,2.1351374342296765,-0.6585976432095639,2.7937350774392407,170.46749877929688,187.35992649422448,153.57507106436927,0.0,0.0,178.0497176444924,176.17644771969006,7.108699858309031,-0.1232669075469522,184.47000122070312,1,1,1
2023-05-25,184.47000122070312,186.77999877929688,180.5800018310547,186.5399932861328,96870700,59.43641046040317,2.575124209750157,-0.0118532726176197,2.586977482367777,171.6814987182617,188.93106565271185,154.43193178381156,0.0,0.0,179.21704193107618,176.50168511188664,7.04379250758997,-0.296023911904428,193.1699981689453,1,1,1
2023-05-26,193.1699981689453,198.6000061035156,184.52999877929688,184.6199951171875,162061500,65.7423867848965,3.5845138991516308,0.7074201617362305,2.8770937374154,173.1244987487793,192.37811864044625,153.8708788571124,1.0,0.0,181.7539430652342,177.15534444745757,7.549950534391577,0.6729671613810988,201.16000366210932,1,0,1
2023-05-30,201.16000366210932,204.47999572753903,197.52999877929688,200.1000061035156,128818700,70.30771711495882,4.971876471223965,1.5603114236337774,3.4115650475901877,175.09099884033202,197.15722107062464,153.0247766100394,1.0,0.0,185.2823177192115,178.09670363234588,7.818525321834587,-0.2051245977607266,203.92999267578125,1,0,1
2023-05-31,203.92999267578125,203.9499969482422,195.1199951171875,199.77999877929688,150711700,71.71501708384709,6.223149672984107,2.4928790735038437,3.730270599480264,177.2719985961914,201.57288411681583,152.97111307556693,1.0,0.0,188.67280407495144,179.10977379091196,7.8907736439217375,0.169952033361616,207.5200042724609,1,1,1
2023-06-01,207.5200042724609,209.8000030517578,199.3699951171875,202.58999633789065,148029900,73.47003765139469,7.418955531956016,3.478094365194278,3.9408611667617377,179.61749877929688,205.9991493484521,153.23584821014165,1.0,0.0,192.09956774722588,180.2239004764629,8.072147521825206,-0.0177942389343361,213.97000122070312,1,1,1
2023-06-02,213.97000122070312,217.25,209.75,210.1499938964844,164398400,76.31366392212851,8.785823633495141,4.539640218854451,4.24618341464069,182.25599899291996,211.17524454500588,153.33675344083397,1.0,0.0,196.07601019694903,181.54727697623704,8.19056525080477,0.1105756337064336,217.6100006103516,1,1,1
2023-06-05,217.6100006103516,221.2899932861328,214.5200042724609,217.8000030517578,151143100,77.76227788871435,10.046978665687249,5.641107908221011,4.4058707574662375,184.6334991455078,216.78851945766877,152.47847883334688,1.0,0.0,199.991281181204,182.96150143247684,8.128381451849407,-0.0806291302105129,221.3099975585937,1,1,1
2023-06-06,221.3099975585937,221.91000366210932,212.52999877929688,216.13999938964844,146911600,79.15763845258743,11.215724060960357,6.75603113876888,4.459692922191475,187.1094993591309,222.4006455811098,151.81835313715192,0.0,0.0,203.8674114316385,184.4653640256579,8.217783125489627,-0.0279966468862952,224.57000732421875,1,1,1
2023-06-07,224.57000732421875,230.8300018310547,223.1999969482422,228.0,185710800,80.32883159472654,12.263651015073634,7.857555114029832,4.406095901043802,189.8805000305176,227.7077440073885,152.05325605364663,0.0,0.0,207.631519775744,186.03809513540537,8.310798921701865,0.264098954745575,234.8600006103516,1,1,1
2023-06-08,234.8600006103516,235.22999572753903,223.009994506836,224.22000122070312,164489700,83.48366330171902,13.765773865024016,9.03919886422867,4.726575000795346,193.1965003967285,234.4331903952203,151.95981039823673,1.0,0.0,212.58215265476355,187.95267966383463,8.590027657344809,-0.1142696062910719,244.3999938964844,1,0,1
2023-06-09,244.3999938964844,252.4199981689453,242.0200042724609,249.07000732421875,200242400,85.7633334611058,15.546800931371507,10.340719277657238,5.20608165371427,196.8125,242.45613084253236,151.16886915746767,1.0,0.0,218.3672146987128,190.1662998298209,9.230739793148302,0.2173552508150966,249.8300018310547,1,0,1
2023-06-12,249.8300018310547,250.97000122070312,244.58999633789065,247.94000244140625,150337900,86.87386814703761,17.198184013103855,11.712212224746562,5.485971788357293,200.90500030517575,250.01971542248867,151.79028518786288,0.0,0.0,224.08772145004767,192.50605284947716,9.040687473939046,-0.2492204448208771,258.7099914550781,1,0,1
2023-06-13,258.7099914550781,259.67999267578125,251.33999633789065,253.509994506836,162384300,88.45931625592952,19.004387206541537,13.170647221105558,5.83373998543598,205.52299957275392,258.02467047593666,153.02132866957118,1.0,0.0,230.38267963278045,195.1022857359713,9.098494857566726,0.0801288297894275,256.7900085449219,0,0,1
2023-06-14,256.7900085449219,261.57000732421875,250.5,260.1700134277344,170575500,86.03949812523629,20.049768425586592,14.546471462001763,5.503296963584827,210.03649978637696,263.8542777433323,156.2187218294216,0.0,0.0,235.1840121622607,197.52141212063603,9.239317176613298,0.0504433002451591,255.8999938964844,0,0,1
2023-06-15,255.8999938964844,258.95001220703125,247.2899932861328,248.3999938964844,160171200,84.88037146548082,20.56931358620997,15.751039886843408,4.818273699366564,214.1384994506836,268.80102609473147,159.47597280663567,0.0,0.0,238.95055429575592,199.81076826870853,9.412224444062236,-0.0609952777509079,260.5400085449219,1,0,1
2023-06-16,260.5400085449219,263.6000061035156,257.2099914550781,258.9200134277344,167915600,85.94357130061967,21.1121001246226,16.82325193439925,4.288848190223352,218.32099990844728,273.7389431820805,162.90305663481405,0.0,0.0,242.8759096137861,202.19230710306985,9.289923569988591,0.0483507646817904,274.45001220703125,1,0,0
2023-06-20,274.45001220703125,274.75,261.1199951171875,261.5,165611200,88.5442655297491,22.406396421215334,17.939880831762466,4.466515589452868,223.0365005493164,280.662363629214,165.41063746941882,0.0,0.0,248.61665553983065,205.0259425973428,9.641356990352127,-0.0137235611223733,259.4599914550781,0,0,0
2023-06-21,259.4599914550781,276.989990234375,257.7799987792969,275.1300048828125,211797100,72.8926932840796,21.96931754606848,18.74576817462367,3.223549371444811,226.56600036621091,284.03577276124446,169.09622797117743,0.0,0.0,250.58817116078475,207.16061117999908,10.3248308806897,0.278881500768064,264.6099853515625,1,1,0
2023-06-22,264.6099853515625,265.0,248.25,250.7700042724609,166875900,74.55671818997968,21.78733996274056,19.354082532247048,2.433257430493512,230.507999420166,287.0519965571593,173.96400228317268,0.0,0.0,253.1375919227443,209.413527814178,10.783771532069007,-0.2120954441774698,256.6000061035156,0,1,0
2023-06-23,256.6000061035156,262.45001220703125,252.8000030517578,259.2900085449219,177460800,67.6054430951423,20.75750345501561,19.63476671680076,1.1227367382148472,234.1930000305176,287.3508857935853,181.03511426744976,0.0,0.0,253.7671217737936,211.26397794317165,10.857072301192984,0.0634297702664075,241.0500030517578,0,1,0
2023-06-26,241.0500030517578,258.3699951171875,240.6999969482422,250.07000732421875,179990600,56.57727260203371,18.47364266044684,19.40254190552998,-0.9288992450831371,237.02200012207032,285.0706861466209,188.97331409751973,0.0,0.0,251.45491836978707,212.43205735919463,11.343709863175294,0.0142555426325137,250.2100067138672,1,1,0
2023-06-27,250.2100067138672,250.38999938964844,240.8500061035156,243.2400054931641,164968200,60.649414123626045,17.204479735634465,18.96292947155088,-1.758449735916411,239.8740005493164,283.76392754232336,195.98407355630945,0.0,0.0,251.22857079598344,213.91354556918185,11.214872964815118,-0.0834621363560097,256.239990234375,1,1,0
2023-06-28,256.239990234375,259.8800048828125,248.88999938964844,249.6999969482422,159770800,63.10247412983991,16.49508319805122,18.469360216850944,-1.9742770187997247,242.62799987792968,283.2457552925415,202.01024446331783,0.0,0.0,252.13973796660008,215.57340614428745,11.198811002554327,-0.0315054659019131,257.5,1,1,0
2023-06-29,257.5,260.739990234375,253.6100006103516,258.0299987792969,131283400,63.61291646428166,15.851823633407063,17.94585290016217,-2.094029266755104,245.30650024414064,282.2636744234083,208.34932606487297,0.0,0.0,253.11433106358183,217.21758629549183,10.908180904087832,-0.1783016671381754,261.7699890136719,1,1,0
2023-06-30,261.7699890136719,264.45001220703125,259.8900146484375,260.6000061035156,112620800,65.36172868629566,15.507823683469866,17.45824705682371,-1.9504233733538427,248.0189994812012,281.261254997364,214.77674396503835,0.0,0.0,254.6880870545073,218.9647393432636,10.625454568583791,-0.1421550630163448,279.82000732421875,1,1,1
2023-07-03,279.82000732421875,284.25,275.1099853515625,276.489990234375,119685900,71.57983448831389,16.501468218309498,17.266891289120867,-0.7654230708113694,251.3114997863769,283.43749054496965,219.1855090277842,0.0,0.0,259.2575271035457,221.351220440556,11.472208598422672,0.0627335270216513,282.4800109863281,1,1,1
2023-07-05,282.4800109863281,283.8500061035156,277.6000061035156,278.82000732421875,131530900,72.36709366866286,17.30410775320047,17.274334581936788,0.029773171263681,254.55500030517575,285.49260054341926,223.61740006693228,0.0,0.0,263.47979690041524,223.7484279129392,11.09919369853534,0.0989673804516655,276.5400085449219,0,1,1
2023-07-06,276.5400085449219,279.9700012207031,272.8800048828125,278.0899963378906,120332100,67.84735695020018,17.261912233892247,17.271850112327883,-0.009937878435636,257.3165008544922,285.6405832456687,228.9924184633156,0.0,0.0,265.8543808357801,225.81868597693853,10.992108870319646,-0.0851419704419266,274.42999267578125,0,1,1
2023-07-07,274.42999267578125,280.7799987792969,273.7699890136719,278.42999267578125,113879200,66.2641616384731,16.863815763575275,17.190243242577363,-0.3264274790020884,259.8095001220703,284.7394262083505,234.87957403579,0.0,0.0,267.4135829885075,227.72501172983436,10.707673219984311,-0.0536257573831089,269.6099853515625,0,1,1
2023-07-10,269.6099853515625,277.5199890136719,265.1000061035156,276.4700012207031,119425400,62.66678714883047,15.975234574203228,16.947241508902536,-0.9720069346993084,261.54699935913084,284.00006144967665,239.09393726858505,0.0,0.0,267.81292887269933,229.3675597150001,10.829981054996594,0.0487024847382138,269.7900085449219,1,1,1
2023-07-11,269.7900085449219,270.8999938964844,266.3699951171875,268.6499938964844,91972400,62.74813020129385,15.111359599958009,16.58006512711363,-1.468705527155624,262.8165000915527,284.08805268236347,241.54494750074196,0.0,0.0,268.1723979040125,230.95275378676175,10.379982321018044,-0.2298757215801663,271.989990234375,1,1,1
2023-07-12,271.989990234375,276.5199890136719,271.4599914550781,276.3299865722656,95672100,63.78654379169426,14.43782236630392,16.15161657495169,-1.713794208647769,263.92449951171875,284.677066958408,243.17193206502952,0.0,0.0,268.866505600442,232.56205717686427,10.119267902998898,0.0402261982942708,277.8999938964844,1,1,1
2023-07-13,277.8999938964844,279.45001220703125,270.6000061035156,274.5899963378906,112681500,66.48902520288837,14.2170419498338,15.764701649928112,-1.5476597000943126,264.8839996337891,286.3458533164872,243.42214595109093,0.0,0.0,270.5089580179042,234.34001547959448,10.02860634589295,0.1777885088756283,281.3800048828125,1,1,1
2023-07-14,281.3800048828125,285.29998779296875,276.3099975585937,277.010009765625,120062400,68.00320273448266,14.159655981994945,15.443692516341478,-1.2840365343465336,266.1134994506836,288.38198803397995,243.84501086738723,0.0,0.0,272.4855119933421,236.18472094638736,9.954419480784528,0.0655023229190239,290.3800048828125,1,1,1
2023-07-17,290.3800048828125,292.2300109863281,283.57000732421875,286.6300048828125,131569600,71.57975175026915,14.671280582896202,15.289210129652425,-0.6179295467562209,267.8375,291.93949971464207,243.7355002853579,0.0,0.0,275.739056155064,238.31002619879615,10.01838995383675,0.0958434947160808,293.3399963378906,1,1,1
2023-07-18,293.3399963378906,295.260009765625,286.010009765625,290.1499938964844,112120300,72.66207227425292,15.141056661695188,15.259579436060978,-0.1185227743657897,269.4774993896484,295.73721732107066,243.21778145822617,0.0,0.0,278.9392270973961,240.46806424346656,9.963504957134123,-0.1478251815008938,291.260009765625,0,1,1
2023-07-19,291.260009765625,299.2900085449219,289.5199890136719,296.0400085449219,142355400,70.62666426558468,15.17064233405847,15.241792015660478,-0.0711496816020069,270.3179992675781,298.1872906215175,242.44870791363877,0.0,0.0,281.1793694007104,242.45990524433557,9.949684569570971,0.2696665991796312,262.8999938964844,0,1,1
2023-07-20,262.8999938964844,280.92999267578125,261.20001220703125,279.5599975585937,175158300,50.0431689677102,12.758599730718627,14.745153558672108,-1.986553827953479,270.48999938964846,298.13064262399894,242.849356155298,0.0,0.0,277.8558465817602,243.26147734834137,11.386135497358314,0.2304296148934286,260.0199890136719,0,1,1
2023-07-21,260.0199890136719,268.0,255.8000030517578,268.0,161796100,48.497414695505135,10.493681635105872,13.894859173958862,-3.401177538852989,270.260499572754,298.16755581632464,242.3534433291832,0.0,0.0,274.6129633875623,243.91867388423668,11.444268458135737,-0.0762864220536508,269.0599975585937,1,1,1
2023-07-24,269.0599975585937,269.8500061035156,254.1199951171875,255.8500061035156,136508500,53.36656680740583,9.320727322923233,12.980032803751737,-3.659305480828504,270.8834991455078,298.09044125526714,243.6765570357485,0.0,0.0,273.6033332368407,244.9046081459762,11.750392924435191,-0.1562930132432116,265.2799987792969,0,1,1
2023-07-25,265.2799987792969,272.8999938964844,265.0,272.3800048828125,112757300,51.18737877823459,7.993988545253046,11.982823952052,-3.9888354067989535,272.0949989318848,295.81459246697506,248.3754053967945,0.0,0.0,272.0899996991054,245.7036430727731,11.475364422438703,-0.1739906306200712,264.3500061035156,0,1,1
2023-07-26,264.3500061035156,268.0400085449219,261.75,263.25,95856200,50.63949635279356,6.789233807469032,10.944105923135409,-4.154872115666375,272.8019989013672,294.63834767006625,250.96565013266812,0.0,0.0,270.6827281362709,246.43487299554727,11.104981859758931,-0.1498891867754903,255.7100067138672,0,1,1
2023-07-27,255.7100067138672,269.1300048828125,255.3000030517578,268.3099975585937,103697300,45.741140472389965,5.078736739005649,9.771032086309456,-4.692295347303807,272.7754997253418,294.6933128437474,250.85768660693617,0.0,0.0,267.9604151503793,246.7986037295991,11.299626143422914,0.0818006555653154,266.44000244140625,1,0,0
2023-07-28,266.44000244140625,267.25,258.2300109863281,259.8599853515625,111446000,51.95649823534568,4.5366804415346,8.724161757354484,-4.187481315819884,273.2224998474121,294.22132891600535,252.22367077881884,0.0,0.0,267.6839764760205,247.5688546594739,11.31679522504505,0.0747242213635264,267.42999267578125,1,1,0
2023-07-31,267.42999267578125,269.0799865722656,263.7799987792969,267.4800109863281,84582200,52.4971666882767,4.139265977123841,7.807182601308355,-3.667916624184514,273.5055000305176,294.02644281647986,252.98455724455528,0.0,0.0,267.63779760324974,248.34772281697616,10.88702326561103,-0.2410476822855912,261.07000732421875,0,1,0
2023-08-01,261.07000732421875,266.4700012207031,260.25,266.260009765625,83166000,48.70506162859196,3.2733809871944004,6.900422278485564,-3.627041291291164,272.5680000305176,293.55721543086014,251.578784630175,0.0,0.0,266.44365391615315,248.84663593490723,10.622235366337474,-0.0167434755776038,254.1100006103516,0,1,0
2023-08-02,254.1100006103516,259.5199890136719,250.4900054931641,255.57000732421875,101752900,44.884079182888414,2.002463368483177,5.920830496485087,-3.9183671280019103,271.1494995117188,293.0809505470697,249.21804847636787,0.0,0.0,264.2011714969165,249.05304239276785,10.619218685245844,0.223491571074718,259.32000732421875,1,1,0
2023-08-03,259.32000732421875,260.489990234375,252.0,252.0399932861328,97569100,48.16245458046277,1.3995231672545856,5.016569030638987,-3.617045863384402,270.2884994506836,292.65363123323743,247.92336766812983,0.0,0.0,263.31368710188053,249.45566846851105,10.467130938755073,-0.0411172556261295,253.8600006103516,0,0,0
2023-08-04,253.8600006103516,264.7699890136719,253.1100006103516,260.9700012207031,99539900,45.13266694555719,0.4756290476102549,4.108381034033241,-3.632751986422986,269.25999984741213,292.6376942486556,245.8823054461687,0.0,0.0,261.5948350125116,249.6283873760342,10.552335043366872,0.0201990179267821,251.4499969482422,0,1,0
2023-08-07,251.4499969482422,253.6499938964844,242.759994506836,251.4499969482422,111097900,43.82225598506734,-0.4458909000584299,3.197526647214907,-3.6434175472733368,268.3520004272461,292.98193112980607,243.7220697246861,0.0,0.0,259.75031900082627,249.69982304553253,10.591454404806068,0.1161142416257199,249.6999969482422,0,1,0
2023-08-08,249.6999969482422,250.9199981689453,245.009994506836,247.4499969482422,96642200,42.84936114401979,-1.3023992248693617,2.297541472798053,-3.599940697667415,267.3474998474121,293.26589628778265,241.4291034070416,0.0,0.0,257.92298771853825,249.69982986524667,10.29492212170608,-0.1301167708840581,242.19000244140625,0,0,0
2023-08-09,242.19000244140625,251.1000061035156,241.8999938964844,250.8699951171875,101596300,38.862024996713714,-2.55769848018258,1.326493482201927,-3.884191962384507,265.85750045776365,293.87806920758794,237.83693170793936,0.0,0.0,255.06244494087787,249.40532682901764,10.216714270657873,0.051262285005929,245.33999633789065,1,0,0
2023-08-10,245.33999633789065,251.8000030517578,243.0,245.3999938964844,109498600,41.32819343661847,-3.2607659223160117,0.4090416012983393,-3.669807523614351,264.229500579834,293.03470851296555,235.42429264670244,0.0,0.0,253.294727013062,249.2459021038754,10.173377580635997,0.077781375896563,242.6499938964844,0,0,0
2023-08-11,242.6499938964844,243.7899932861328,238.0200042724609,241.7700042724609,99038600,39.84988057585061,-3.98902960111036,-0.4705726391834006,-3.5184569619269594,262.2930000305176,291.43140988299547,233.1545901780397,0.0,0.0,251.35932099186604,248.9872390369189,9.969564329549836,-0.0955263354965268,239.759994506836,0,0,0
2023-08-14,239.759994506836,240.66000366210932,233.75,235.6999969482422,98595300,38.26620896136304,-4.744688792489711,-1.3253958698446628,-3.4192929226450484,259.7619995117187,287.460273347787,232.0637256756505,0.0,0.0,249.2503525400424,248.625386310249,9.893166441473731,-0.0044760325771971,232.9600067138672,0,0,0
2023-08-15,232.9600067138672,240.5,232.6100006103516,238.72999572753903,88197600,34.76531217368486,-5.825108110616441,-2.2253383179990185,-3.599769792617422,256.7430000305176,282.21671062484177,231.26928943619345,0.0,0.0,246.28847148073783,248.0110576986262,9.750083080629068,-0.1054583737764376,225.6000061035156,0,0,0
2023-08-16,225.6000061035156,233.97000122070312,225.3800048828125,228.0200042724609,112484500,31.41520871984885,-7.192330039768109,-3.2187366623528364,-3.973593377415273,253.4599998474121,277.1557799057063,229.76421978911796,0.0,1.0,242.52693232124287,247.1321929301905,9.667219741862036,0.2753691710432029,219.22000122070312,0,0,0
2023-08-17,219.22000122070312,226.7400054931641,218.8300018310547,226.0599975585937,120718400,28.8224022363445,-8.690497695256425,-4.313088868933555,-4.377408826322871,251.27600021362304,278.8271050668152,223.72489536043085,0.0,1.0,238.2893084847811,246.03759717687728,9.54170430759399,0.0732003075979357,215.4900054931641,0,0,0
2023-08-18,215.4900054931641,217.5800018310547,212.3600006103516,214.1199951171875,136276600,27.398659640518986,-10.062788278872802,-5.463028750921405,-4.599759527951397,249.04950103759765,280.3555739294135,217.7434281457818,0.0,1.0,234.14398066812345,244.83965240496696,9.350154043505244,0.1288801044414107,231.27999877929688,1,0,0
2023-08-21,231.27999877929688,232.1300048828125,220.5800018310547,221.5500030517578,135702700,40.74305387810382,-9.763668465104388,-6.323156693758001,-3.440511771346386,247.1605010986328,277.9641366751072,216.3568655221584,0.0,0.0,233.6232566883368,244.30790128239167,9.870857282515471,-0.004211287924706,233.19000244140625,1,0,0
2023-08-22,233.19000244140625,240.82000732421875,229.5500030517578,240.25,130442800,42.128706453020754,-9.265683493065069,-6.911662053619415,-2.3540214394456536,245.55600128173828,275.75431271441573,215.35768984906085,0.0,0.0,233.54448318889484,243.87190524941184,9.970796353225865,-0.0387604668145881,236.8600006103516,1,0,0
2023-08-23,236.8600006103516,238.97999572753903,229.2899932861328,229.33999633789065,101077600,44.79970010296616,-8.477169105562126,-7.2247634640079585,-1.2524056415541676,244.18150100708007,273.31674034798795,215.04626166617217,0.0,0.0,234.1473045382506,243.5969285968997,9.950739645238745,-0.225119362663175,230.0399932861328,0,0,0
2023-08-24,230.0399932861328,238.9199981689453,228.17999267578125,238.66000366210932,99777400,41.01161111165191,-8.306827430612174,-7.441176257328802,-0.8656511732833714,242.89800033569333,272.1501427344344,213.64585793695232,0.0,0.0,233.4005206742292,243.06528407490885,10.00711577723341,-0.0128633841721608,238.58999633789065,1,0,0
2023-08-25,238.58999633789065,239.0,230.3500061035156,231.3099975585937,106612200,47.05569433288852,-7.396652627811875,-7.4322715314254175,0.0356189036135425,241.5055000305176,268.7231085510416,214.2878915099936,0.0,0.0,234.3440617039858,242.8897825950258,9.932322272707252,0.0685004820730947,238.82000732421875,1,0,0
2023-08-28,238.82000732421875,244.3800048828125,235.3500061035156,242.5800018310547,107673700,47.21239212479472,-6.580911918699286,-7.261999608880192,0.681087690180906,240.07500076293945,264.56253660039323,215.58746492548565,0.0,0.0,235.1578699985736,242.73018356479807,9.867870594606512,0.0099566466126765,257.17999267578125,1,0,0
2023-08-29,257.17999267578125,257.4800109863281,237.7700042724609,238.5800018310547,134047600,57.91872894369402,-4.402188464213481,-6.690037379946849,2.287848915733369,239.8805000305176,263.7519511555953,216.00904890543976,0.0,0.0,239.16189230352043,243.2968427456209,10.57088031741085,0.2449428226205656,256.8999938964844,0,0,0
2023-08-30,256.8999938964844,260.510009765625,250.58999633789065,254.1999969482422,121988400,57.72644093876747,-2.6673800937857663,-5.885505922714633,3.2181258289288666,240.0199996948242,264.2523176840725,215.78768170557584,0.0,0.0,242.38700168405933,243.83029965349792,10.5243898252911,-0.0899620731740068,258.0799865722656,1,0,0
2023-08-31,258.0799865722656,261.17999267578125,255.0500030517578,255.97999572753903,108861700,58.35394265908327,-1.1836717827754055,-4.945139094726788,3.7614673119513817,239.95799865722657,263.998057411754,215.9179399026992,0.0,0.0,245.2402716637332,244.3891109052143,10.210504096629125,-0.1076061330421581,245.009994506836,0,1,0
2023-09-01,245.009994506836,259.0799865722656,242.009994506836,257.260009765625,132541600,49.5759047505828,-1.0503535638952997,-4.16618198856049,3.1158284246651906,239.5154983520508,262.8305707215023,216.20042598259928,0.0,0.0,245.19840308975185,244.4134592817485,10.700467522972016,0.2175227834950217,256.489990234375,1,1,0
2023-09-05,256.489990234375,258.0,244.8600006103516,245.0,129469600,55.8570607641333,-0.0181489917622172,-3.336575389200836,3.3184263974386186,239.76749801635745,263.69402738970444,215.8409686430104,0.0,0.0,247.2514189342288,244.88704873087107,10.874719799163188,-0.0231776287595742,251.9199981689453,0,1,1
2023-09-06,251.9199981689453,255.38999938964844,245.0599975585937,255.13999938964844,116959800,53.02538391132632,0.4262073486127349,-2.584018841638122,3.0102261902508567,239.87849807739255,264.0080498507843,215.74894630400087,0.0,0.0,248.10025152235903,245.1628506696191,10.914382147493052,-0.0966234544634415,251.4900054931641,0,1,1
2023-09-07,251.4900054931641,252.8099975585937,243.2700042724609,245.07000732421875,115312900,52.7543931167047,0.7351913066947589,-1.9201768119715457,2.6553681186663045,240.34349822998047,264.9862898458972,215.7007066140637,0.0,0.0,248.71657042614171,245.41097438818952,10.81621151453875,-0.0140809064310984,248.5,0,1,1
2023-09-08,248.5,256.5199890136719,246.6699981689453,251.22000122070312,118367700,50.80986438704439,0.7303755501055491,-1.390066339556127,2.1204418896616763,240.50149841308595,265.3103683581368,215.69262846803505,0.0,0.0,248.67719398502504,245.53211264747625,10.747195752409308,0.0264913986206227,273.5799865722656,1,1,1
2023-09-11,273.5799865722656,274.8500061035156,260.6099853515625,264.2699890136719,174667900,63.09714329522279,2.718961842871863,-0.5682607030705291,3.2872225459423925,242.047998046875,270.7503925931872,213.3456035005628,1.0,0.0,253.2049744554324,246.63202927197776,11.861682206059758,0.4756382019757079,267.4800109863281,0,1,1
2023-09-12,267.4800109863281,278.3900146484375,266.6000061035156,270.760009765625,135999900,59.2223477043559,3.7593779874103177,0.2972670350256402,3.4621109523846774,243.4339988708496,274.16596795756124,212.702029784138,0.0,0.0,255.800435642868,247.4495971823445,11.856562658835625,-0.2213801162091031,271.29998779296875,1,1,1
2023-09-13,271.29998779296875,274.9800109863281,268.1000061035156,270.07000732421875,111673700,60.843989211216574,4.836404421553823,1.2050945123312768,3.631309909222546,245.3509979248047,277.956459857367,212.7455359922424,0.0,0.0,258.6185360337954,248.38490661805525,11.545379611775935,-0.1788692491685656,276.0400085449219,1,1,1
2023-09-14,276.0400085449219,276.7099914550781,270.4200134277344,271.32000732421875,107709800,62.81981383612456,6.0032341445109125,2.164722438767204,3.838511705743709,247.872998046875,281.75539684560664,213.9905992481434,0.0,0.0,261.7860764903638,249.46942041910884,11.169993784316494,-0.0354953762613757,274.3900146484375,0,1,1
2023-09-15,274.3900146484375,278.9800109863281,271.0,277.54998779296875,133692300,61.65355524083255,6.71738060642997,3.075254072299757,3.642126534130212,250.63149871826167,283.7073393425832,217.55565809394025,0.0,0.0,264.07770161001355,250.44669862418056,10.942137870174466,0.2412268892895539,265.2799987792969,0,1,1
2023-09-18,265.2799987792969,271.44000244140625,263.760009765625,271.1600036621094,101543300,55.52436257659637,6.473620806618271,3.7549274191634607,2.7186933874548105,253.1209983825684,282.53445789145474,223.70753887368195,0.0,0.0,264.2963010953377,251.02839666947924,10.91984265679147,-0.2404700943883828,266.5,1,1,1
2023-09-19,266.5,267.8500061035156,261.20001220703125,264.3500061035156,103704000,56.15301514959965,6.306189484695153,4.2651798322698,2.0410096524253536,254.88199844360352,283.0447539824862,226.7192429047209,0.0,0.0,264.6969736234581,251.6351262118526,10.614853459626676,0.0212786072542452,262.5899963378906,0,1,1
2023-09-20,262.5899963378906,273.92999267578125,262.4599914550781,267.0400085449219,122514600,53.540994922074766,5.791236567297176,4.570391179275275,1.2208453880219006,256.35199813842775,282.85240023589665,229.85159604095884,0.0,0.0,264.313886844264,252.0647289618933,10.675935442560707,0.1813874103216848,255.6999969482422,0,1,1
2023-09-21,255.6999969482422,260.8599853515625,254.2100067138672,257.8500061035156,119951500,49.19810765411436,4.772156848027123,4.610744313025645,0.1614125350014781,257.29399795532225,282.25034553045657,232.3376503801879,0.0,0.0,262.7477250449873,252.2072884907697,10.51193931266519,-0.0209207718916766,244.8800048828125,0,1,1
2023-09-22,244.8800048828125,257.7900085449219,244.47999572753903,257.3999938964844,127524100,43.26332936712219,3.0562157425473515,4.299838598929987,-1.2436228563826353,258.03599853515624,280.4610362285079,235.61096084180457,0.0,0.0,259.4990486518646,251.91994403555572,10.711801705859306,0.0631305152499135,246.9900054931641,1,1,1
2023-09-25,246.9900054931641,247.1000061035156,238.3099975585937,243.3800048828125,104636600,44.6651585367251,1.8453079081106123,3.808932460766112,-1.9636245526554996,258.45599899291994,279.69158483781,237.22041314802996,0.0,0.0,257.2246771684645,251.7266131123247,10.574530765792346,-0.1794758794612155,244.1199951171875,0,1,0
2023-09-26,244.1199951171875,249.5500030517578,241.66000366210932,242.97999572753903,101993600,43.10508413205151,0.646615097199259,3.1764689880527417,-2.5298538908534827,258.7209983825684,279.08417532360534,238.35782144153143,0.0,0.0,254.84200770459591,251.42831436741736,10.382778524639212,-0.0252588482423932,240.5,0,1,1
2023-09-27,240.5,245.3300018310547,234.5800018310547,244.259994506836,136597200,41.152619748019625,-0.5886750642556535,2.423440177591063,-3.0121152418467165,257.8869987487793,279.74569885352435,236.02829864403432,0.0,0.0,252.2343699401239,250.99975301967555,10.409008630022123,0.3392722680638784,246.3800048828125,1,1,1
2023-09-28,246.3800048828125,247.5500030517578,238.6499938964844,240.0200042724609,117058900,45.47298746819365,-1.0807262250087035,1.7226068970711097,-2.803333122079813,257.3609992980957,279.7882910300746,234.9337075661168,0.0,0.0,251.16993992970365,250.8185864260731,10.301222953254358,-0.1430358748202744,250.22000122070312,1,0,1
2023-09-29,250.22000122070312,254.7700042724609,246.3500061035156,250.0,128522700,48.15017433623262,-1.1475959311230213,1.1485663314322836,-2.296162262555305,256.9680000305176,279.60560155767155,234.33039850336365,0.0,0.0,250.99722380079444,250.79511249645077,10.16684975437514,0.0979318958233845,251.6000061035156,1,0,0
2023-10-02,251.6000061035156,254.27999877929688,242.6199951171875,244.8099975585937,123810400,49.1170568413698,-1.0768228506050264,0.7034884950248216,-1.780311345629848,257.2975006103516,279.4151635274173,235.17983769328583,0.0,0.0,251.10682058310735,250.82667695162976,10.273503604927583,-0.0366651183020586,246.52999877929688,0,0,0
2023-10-03,246.52999877929688,250.0200042724609,244.4499969482422,248.6100006103516,101985300,45.74219463023961,-1.4135473991328524,0.2800813161932867,-1.6936287153261391,256.7995010375977,279.4104807410511,234.18852133414424,0.0,0.0,250.27467116423276,250.65817976840103,10.050396858523715,-0.176278406337432,261.1600036621094,1,0,0
2023-10-04,261.1600036621094,261.8599853515625,247.6000061035156,248.13999938964844,129721600,55.28901074352679,-0.4941882097592724,0.1252274110027749,-0.6194156207620474,257.26150131225586,279.83235670396584,234.69064592054588,0.0,0.0,252.253822527483,251.07001599952685,10.42751040950528,0.27196370457311,260.04998779296875,0,1,0
2023-10-05,260.04998779296875,263.6000061035156,256.25,260.0,119159200,54.505391313333,0.143190951439692,0.1288201190901583,0.0143708323495337,257.6895004272461,280.1306206915382,235.24838016295405,0.0,0.0,253.6713071212077,251.4221717561324,10.207688673363162,-0.0814236025457595,260.5299987792969,1,1,0
2023-10-06,260.5299987792969,261.6499938964844,250.6499938964844,253.97999572753903,118121800,54.80370684595406,0.6792217581096338,0.2389004468940534,0.4403213112155804,258.29100036621094,280.35637986821024,236.22562086421163,0.0,0.0,254.918341968133,251.77934144331533,10.264282339551505,-0.0087060000402822,259.6700134277344,0,1,0
2023-10-09,259.6700134277344,261.3599853515625,252.0500030517578,255.3099975585937,101377900,54.11902244140607,1.0228456753690125,0.3956894925890453,0.6271561827799672,257.5955017089844,278.5377034700557,236.65329994791307,0.0,0.0,255.78228223351508,252.08877956035136,10.19611805099816,-0.141751141618228,263.6199951171875,1,1,0
2023-10-10,263.6199951171875,268.94000244140625,257.6499938964844,257.75,122656000,56.78932379485392,1.5955085866212642,0.6356533113954891,0.9598552752257752,257.40250091552736,278.0457811008718,236.75922073018288,0.0,0.0,257.2073209396373,252.540984091992,10.274253086278426,0.2098889402917203,262.989990234375,0,1,0
2023-10-11,262.989990234375,268.6000061035156,260.8999938964844,266.20001220703125,103706300,56.227231246236165,1.9757368758780276,0.9036700242919968,1.0720668515860303,256.9870010375977,276.81300505485524,237.1609970203401,0.0,0.0,258.25871535686235,252.95074903875212,10.090378737760773,-0.1544946843203757,258.8699951171875,0,1,0
2023-10-12,258.8699951171875,265.4100036621094,256.6300048828125,262.9200134277344,111508100,52.56319031385306,1.922460433601259,1.1074281061538491,0.8150323274474096,256.1285003662109,273.96744809322524,238.2895526391966,0.0,0.0,258.3698571314669,253.1828763359457,9.996780169299065,0.07522975942638,251.1199951171875,0,1,1
2023-10-13,251.1199951171875,259.6000061035156,250.22000122070312,258.8999938964844,102073800,46.43354750537887,1.2405776320043742,1.1340580113239542,0.1065196206804199,254.96499938964843,270.81219352953343,239.11780524976345,0.0,0.0,257.05170040159794,253.1019790332493,9.952724791692878,-0.0846064097585735,253.9199981689453,1,1,1
2023-10-16,253.9199981689453,255.3999938964844,248.47999572753903,250.0500030517578,88917200,48.75851376255402,0.9155633997594634,1.0903590890110562,-0.1747956892515927,254.3969993591309,269.5225284076335,239.27147031062825,0.0,0.0,256.4822999956611,253.1340582150413,9.736101461496627,-0.1288930166213073,254.8500061035156,1,1,1
2023-10-17,254.8500061035156,257.17999267578125,247.0800018310547,250.1000061035156,93562900,49.54188500284552,0.7246775157184402,1.017222774352533,-0.2925452586340928,253.81449966430665,267.8917481006571,239.7372512279562,0.0,0.0,256.18551928799826,253.20135028909917,9.762093560298766,0.0522474841762898,242.67999267578125,0,1,1
2023-10-18,242.67999267578125,254.6300048828125,242.0800018310547,252.6999969482422,125147800,40.76030907012303,-0.4039626670471534,0.7329856860725957,-1.1369483531197493,252.8189994812012,267.0877913670745,238.5502075953278,0.0,0.0,253.72996899486787,252.78874802975332,9.976944325453204,0.3375793182981716,220.1100006103516,0,1,1
2023-10-19,220.1100006103516,230.6100006103516,216.77999877929688,225.9499969482422,170772700,30.103232262235764,-3.0840765628431086,-0.0304267637105452,-3.0536497991325637,251.03949966430665,271.120526421788,230.9584729068253,0.0,1.0,247.61724747041035,251.50722852311017,11.114305009098288,0.3645681346376044,211.9900054931641,0,0,1
2023-10-20,211.9900054931641,218.8600006103516,210.4199981689453,217.009994506836,138010100,27.334269331045505,-5.796483623737004,-1.183638135715837,-4.612845488021167,249.3949996948242,275.6593260491767,223.1306733404717,0.0,1.0,241.139567110911,249.957533502328,11.012569111406004,-0.1918491655867712,212.0800018310547,1,0,1
2023-10-23,212.0800018310547,216.97999572753903,202.509994506836,210.0,150683400,27.41396062254964,-7.848352882397791,-2.516581085052228,-5.331771797345563,247.64949951171877,278.5518096030965,216.74718942034096,0.0,1.0,235.85600978730076,248.4721401034545,11.259528547784369,0.0918287864438907,216.5200042724609,1,0,1
2023-10-24,216.5200042724609,222.0500030517578,214.1100006103516,216.5,118231100,31.41048100573528,-9.01231460958516,-3.815727789958815,-5.196586819626346,246.2694999694824,280.0134296243606,212.5255703146042,0.0,0.0,232.34037242096625,247.21911516890577,11.16741945299285,-0.2153674525528359,212.4199981689453,0,0,0
2023-10-25,212.4199981689453,220.1000061035156,212.1999969482422,215.8800048828125,107065100,29.77991507120086,-10.148612009689488,-5.082304633904949,-5.066307375784538,244.8654998779297,281.6522944104027,208.07870534545668,0.0,0.0,228.71848619332604,245.85444391400537,10.934033003155749,-0.0944421560824521,205.759994506836,0,0,0
2023-10-26,205.759994506836,214.8000030517578,204.8800048828125,211.32000732421875,115112600,27.300710439014026,-11.454502150797708,-6.356744137283501,-5.097758013514207,242.8344993591309,283.3580451631286,202.3109535551331,0.0,0.0,224.54421497760055,244.28211256470465,10.861601943569289,0.0751645494189983,207.3000030517578,1,0,0
2023-10-27,207.3000030517578,212.41000366210932,205.7700042724609,210.6000061035156,94881200,28.777236398982,-12.224250130694458,-7.5302453359656925,-4.694004794728765,240.6884994506836,283.87839942874285,197.49859947262436,0.0,0.0,221.40890371835644,242.8318337602753,10.560773887262435,-0.1757531321506072,197.3600006103516,0,0,0
2023-10-30,197.3600006103516,210.8800048828125,194.6699981689453,209.27999877929688,136448200,25.21719002542353,-13.480956006216417,-8.720387470015838,-4.760568536200578,237.97649917602536,284.74836299413874,191.204635357912,0.0,0.0,217.03637588053732,241.04862461714103,10.964290517734204,0.4380952180200081,200.83999633789065,1,0,0
2023-10-31,200.83999633789065,202.8000030517578,194.07000732421875,196.1199951171875,118068300,28.549817836028907,-14.03431900157986,-9.783173776328644,-4.251145225251216,235.69199905395507,284.9659574833923,186.41804062451783,0.0,0.0,214.09157960005612,239.4718156650136,10.804698032720266,-0.1347023998850846,205.66000366210932,1,1,0
2023-11-01,205.66000366210932,205.9900054931641,197.8500061035156,204.0399932861328,121661700,33.00322691783673,-13.923428239871924,-10.6112246690373,-3.312203570834624,232.91699905395507,282.3920511206773,183.4419469872328,0.0,0.0,212.55856579315676,238.14586225313505,10.614362415357997,0.0304349262249055,218.509994506836,1,1,0
2023-11-02,218.509994506836,219.1999969482422,211.4499969482422,212.97000122070312,125987600,43.17245420500622,-12.652805971833402,-11.01954092959652,-1.6332650422368822,230.83999938964843,279.0561544313417,182.62384434795516,0.0,0.0,213.6406437410984,237.3758282238684,10.823336048984771,0.035556793962274,219.9600067138672,1,1,0
2023-11-03,219.9600067138672,226.3699951171875,218.3999938964844,221.1499938964844,119534800,44.20167547030146,-11.397442184383806,-11.095121180553978,-0.302321003829828,228.8114997863769,275.2411670242138,182.3818325485401,0.0,0.0,214.7896188270564,236.69285483131927,10.619526418393225,-0.051217738888589,219.2700042724609,0,1,0
2023-11-06,219.2700042724609,226.32000732421875,215.0,223.97999572753903,117335800,43.7951947379476,-10.33905260624482,-10.943907465692146,0.6048548594473253,226.79149932861327,271.144073627254,182.4389250299726,0.0,0.0,215.6042343625845,236.00960578979547,10.669560768809331,-0.018396316386525,222.17999267578125,1,1,0
2023-11-07,222.17999267578125,223.1199951171875,215.72000122070312,219.97999572753903,116900100,46.048550003179656,-9.159870213919532,-10.587100015337624,1.4272298014180915,224.71949920654296,265.74343962192745,183.6955587911585,0.0,0.0,216.79982678316568,235.46726802061843,10.436020277928977,-0.0037132742095762,222.1100006103516,0,0,0
2023-11-08,222.1100006103516,224.1499938964844,217.63999938964844,223.1499938964844,106584800,46.00077907908588,-8.13720679251469,-10.09712137077304,1.9599145782583487,222.6754997253418,259.75228156480085,185.5987178858828,0.0,0.0,217.7653129335631,234.94345361237268,10.155589865708048,-0.0882403009065004,209.97999572753903,0,0,0
2023-11-09,209.97999572753903,220.8000030517578,206.67999267578125,219.75,142110500,38.538962757319545,-8.210878783005768,-9.719872853219584,1.5089940702138165,220.2309997558594,253.71252146836844,186.74947804335036,0.0,0.0,216.349800714286,233.9644944796341,10.532334013483927,0.3333092523511796,214.6499938964844,1,0,0
2023-11-10,214.6499938964844,215.3800048828125,205.69000244140625,210.02999877929688,130994000,42.41200090343479,-7.802492268825006,-9.336396736340667,1.5339044675156632,218.40749969482425,248.79031070185377,188.02468868779468,0.0,0.0,216.04074492923115,233.2070630842165,10.472167472621235,-0.0782243395104513,223.7100067138672,1,0,0
2023-11-13,223.7100067138672,225.3999938964844,211.6100006103516,215.6000061035156,140447600,49.111854307506434,-6.670877968649165,-8.803292982802368,2.132415014153203,216.89700012207032,242.73078759921395,191.0632126449267,0.0,0.0,217.4351561628013,232.83462950106556,10.709155030729208,0.0721681909095073,237.41000366210932,1,0,0
2023-11-14,237.41000366210932,238.13999938964844,230.72000122070312,235.02999877929688,149771600,57.217314776512765,-4.615386917441924,-7.96571176973028,3.350324852288356,216.025,237.482249795905,194.567750204095,0.0,0.0,221.0669466172209,233.0140559387536,10.974929148232926,0.0663877488828574,242.83999633789065,1,0,0
2023-11-15,242.83999633789065,246.6999969482422,236.4499969482422,239.2899932861328,150354000,59.940810402073744,-2.519200644867425,-6.876409544757709,4.357208899890284,216.03300018310543,237.53007885912965,194.53592150708127,1.0,0.0,225.02568293007,233.39938693479812,10.923148494787716,0.0038885876895218,233.58999633789065,0,0,1
2023-11-16,233.58999633789065,240.8800048828125,230.9600067138672,239.4900054931641,136816800,53.6726661289263,-1.5860723612849483,-5.818342108063157,4.232269746778209,216.7069999694824,239.4805048612224,193.9334950777424,0.0,0.0,226.58283082240095,233.4068618133508,10.991494289733126,-0.0900355161818109,234.3000030517578,1,1,1
2023-11-17,234.3000030517578,237.38999938964844,226.5399932861328,232.0,142532800,54.06969411201932,-0.7802753373003384,-4.810728753910594,4.030453416610255,217.8224998474121,241.720363962352,193.92463573247224,0.0,0.0,227.9859530459204,233.44188695995496,10.98138799071759,0.041778495038621,235.6000061035156,1,1,1
2023-11-20,235.6000061035156,237.1000061035156,231.0200042724609,234.0399932861328,116320100,54.83295340987869,-0.0363569088268889,-3.8558543848938527,3.819497476066964,218.99850006103517,243.942210536623,194.05478958544728,0.0,0.0,229.3703263291195,233.52651908323188,10.631288979313096,-0.1839064411840643,241.1999969482422,1,1,1
2023-11-21,241.1999969482422,243.6199951171875,233.33999633789065,235.0399932861328,122288000,58.0656870753778,0.993622404899213,-2.88595902693524,3.879581431834453,220.2324996948242,246.9429915741761,193.5220078154723,0.0,0.0,231.52117553259637,233.82743978382047,10.606196822169078,0.0513058362226304,234.2100067138672,0,1,1
2023-11-22,234.2100067138672,244.009994506836,231.3999938964844,242.0399932861328,117950600,52.9694713208979,1.231656863852436,-2.062435848777705,3.294092712630141,221.3220001220703,248.44338349733636,194.2006167468043,0.0,0.0,232.01005392919103,233.84244240852823,10.749325664182113,-0.0354687295564568,235.4499969482422,1,1,1
2023-11-24,235.4499969482422,238.75,232.3300018310547,233.75,65125200,53.74502711496847,1.5030317223117606,-1.349342334559812,2.8523740568715725,222.80650024414064,249.6064877226601,196.0065127656212,0.0,0.0,232.63549811447305,233.90548376302684,10.440087985950912,-0.4478603754453135,236.0800018310547,1,1,1
2023-11-27,236.0800018310547,238.3300018310547,232.1000061035156,236.88999938964844,112031800,54.158646563599,1.7487755852912985,-0.72971875058959,2.4784943358808884,224.24550018310543,250.6482145017418,197.84278586446916,0.0,0.0,233.2617715174879,233.99075898138088,10.139367110350069,0.7202526825253512,246.72000122070312,1,1,1
2023-11-28,246.72000122070312,247.0,234.009994506836,236.67999267578125,148549900,60.5712946682708,2.770155764460412,-0.0297438475795895,2.7998996120400017,226.71350021362304,251.7972369510287,201.62976347621736,0.0,0.0,235.70872237261796,234.4899449515504,10.342984137693922,0.3259619143850227,244.13999938964844,0,1,1
2023-11-29,244.13999938964844,252.75,242.759994506836,249.2100067138672,135401300,58.43663677046097,3.333001562022048,0.642805234340738,2.69019632768131,228.87850036621091,252.0581008850627,205.6988998473592,0.0,0.0,237.24168183025984,234.8683784589268,10.31777137737036,-0.0885130181844618,240.0800018310547,0,1,1
2023-11-30,240.0800018310547,245.22000122070312,236.91000366210932,245.13999938964844,132353200,55.14323932528483,3.412120241340375,1.1966682357406655,2.2154520055997096,230.5995002746582,251.64044908044536,209.55855146887103,0.0,0.0,237.7577400122225,235.0727558460691,10.174358961743462,-0.0225116007010272,238.8300018310547,0,1,1
2023-12-01,238.8300018310547,240.19000244140625,231.8999938964844,233.13999938964844,121331700,54.13170743018856,3.3355081497369383,1.6244362185399202,1.7110719311970182,231.61550064086916,252.1802642160509,211.05073706568731,0.0,0.0,237.95269670655563,235.22009882587247,10.03976250339906,-0.0832733927098098,235.5800018310547,0,1,1
2023-12-04,235.5800018310547,239.3699951171875,233.2899932861328,235.75,104099800,51.48720103751739,2.978213683099028,1.895191711451742,1.0830219716472862,232.39650039672853,252.30737693769063,212.4856238557664,0.0,0.0,237.52129763828276,235.23421266921292,9.756922455374465,-0.1420230656951151,238.72000122070312,1,1,1
2023-12-05,238.72000122070312,246.66000366210932,233.6999969482422,233.8699951171875,137971100,53.83384646104232,2.914826645641284,2.099118698289651,0.8157079473516333,233.36900024414064,252.50525727760072,214.23274321068052,0.0,0.0,237.7392437441773,235.37091025946745,9.98571418812394,0.3253733436567601,239.3699951171875,1,1,1
2023-12-06,239.3699951171875,246.57000732421875,239.1699981689453,242.9199981689453,126436200,54.32636335473598,2.88379840409749,2.256054639451219,0.6277437646462714,234.2285003662109,252.81357451811044,215.64342621431143,0.0,0.0,238.03574399381552,235.52773711663292,9.83316361065192,-0.0836037402035644,242.63999938964844,1,1,1
2023-12-07,242.63999938964844,244.0800018310547,236.97999572753903,241.5500030517578,107142300,56.82201267334824,3.087479770444986,2.4223396656499725,0.6651401047950136,235.25500030517577,253.30961823606896,217.20038237428253,0.0,0.0,238.8728813385124,235.80664936263355,9.637938074427902,-0.1525979110412998,243.83999633789065,1,1,1
2023-12-08,243.83999633789065,245.2700042724609,239.2700042724609,240.2700042724609,103126800,57.73469261020924,3.307600486155991,2.5993918297511764,0.7082086564048145,236.94800033569337,251.1423475314484,222.75365313993836,0.0,0.0,239.77599315658117,236.1216825773495,9.37808535482591,-0.0374781948866134,239.7400054931641,0,1,1
2023-12-11,239.7400054931641,243.44000244140625,237.4499969482422,242.7400054931641,97913900,53.56837824223339,3.1153014867929016,2.7025737611595213,0.4127277256333803,238.2025009155273,248.0667416780845,228.33826015297015,0.0,0.0,239.76944994505072,236.26357759365595,9.16465064302752,-0.0505484510330971,237.009994506836,0,1,1
2023-12-12,237.009994506836,238.9900054931641,233.8699951171875,238.5500030517578,95328300,50.93278264357436,2.7113592121797865,2.7043308513635744,0.007028360816212,238.86750030517575,246.20318607670987,231.5318145336417,0.0,0.0,239.26773077446623,236.2928488451532,8.929319195381025,-0.0264068737942212,239.2899932861328,1,1,1
2023-12-13,239.2899932861328,240.3000030517578,228.1999969482422,234.19000244140625,146286300,53.01205614711528,2.5458617861199,2.67263703831484,-0.1267752521949394,238.96149978637692,246.26819417575064,231.6548053970033,0.0,0.0,239.27177850386013,236.41038392127004,9.155796831676351,0.5345526984116993,251.0500030517578,1,1,1
2023-12-14,251.0500030517578,253.8800048828125,240.7899932861328,241.22000122070312,160829200,61.96492492268236,3.3253063277909973,2.803170896210071,0.5221354315809261,239.37200012207032,248.25634455127232,230.48765569286832,1.0,0.0,241.41327387620515,236.98448663226955,9.54395502917659,0.0994139574245844,253.5,1,1,1
2023-12-15,253.5,254.1300048828125,248.3000030517578,251.2100067138672,135932800,63.52420141378903,4.09352837394249,3.061242391756555,1.0322859821859351,240.36750030517575,250.76948357936655,229.96551703098496,1.0,0.0,243.61086044416783,237.63215382316093,9.278672657882169,-0.1548002477162107,252.0800018310547,0,1,1
2023-12-18,252.0800018310547,258.739990234375,251.3600006103516,253.77999877929688,116416500,61.939265064844605,4.535485640225716,3.356091041450388,1.1793945987753278,241.25650024414065,252.44191960531455,230.07108088296667,0.0,0.0,245.1507043326927,238.19873609798032,9.143052441177971,-0.1435731479083782,257.2200012207031,1,1,1
2023-12-19,257.2200012207031,258.3399963378906,253.009994506836,253.47999572753903,106737400,65.31291759294464,5.240090450986827,3.732890923357676,1.507199527629151,242.3375,255.18299928534557,229.49200071465447,1.0,0.0,247.34512194869455,238.9446680635773,8.937119731582111,-0.0831419944767279,247.13999938964844,0,1,1
2023-12-20,247.13999938964844,259.8399963378906,247.0,256.4100036621094,125097000,55.01425873174814,4.928312416473489,3.971975221980839,0.95633719449265,242.6345001220703,255.63480908142728,229.6341911627133,0.0,0.0,247.3078269379589,239.2660536057762,9.21589663203272,0.1720071877336342,254.5,1,1,1
2023-12-21,254.5,254.8000030517578,248.5500030517578,251.8999938964844,109594200,59.97671042134758,5.215001327962909,4.220580443177253,0.9944208847856562,243.64899978637692,257.0226602575002,230.2753393152537,0.0,0.0,248.61549476742093,239.8634632682948,9.104761419895338,-0.1239262332430034,252.5399932861328,0,1,1
2023-12-22,252.5399932861328,258.2200012207031,251.3699951171875,256.760009765625,93370100,58.13745592655996,5.223831121009795,4.421230578743762,0.802600542266033,244.50349960327148,257.8563771292277,231.1506220773153,0.0,0.0,249.32903995264127,240.3605820925237,8.943707468725359,-0.1480379436138044,256.6099853515625,1,1,1
2023-12-26,256.6099853515625,257.9700012207031,252.91000366210932,254.4900054931641,86892400,60.82403468933536,5.495889942764478,4.636162451547905,0.8597274912165727,245.52999877929688,259.2852476858297,231.7747498727641,0.0,0.0,250.65284820699057,240.99781359287817,8.692728930571427,-0.0693765991468361,261.44000244140625,1,1,0
2023-12-27,261.44000244140625,263.3399963378906,257.5199890136719,258.3500061035156,106494400,63.79363925355632,6.031710725462744,4.915272106330873,1.1164386191318716,246.26599884033203,261.67322150585017,230.85877617481395,0.0,0.0,252.6141489768843,241.79946805752635,8.552534791696905,0.225589349586385,253.17999267578125,0,0,0
2023-12-28,253.17999267578125,265.1300048828125,252.7100067138672,263.6600036621094,113619900,55.97881535646319,5.723857730883481,5.076989231241394,0.6468684996420864,246.71799850463867,262.3775637252056,231.0584332840718,0.0,0.0,252.71702964941105,242.2457631405952,8.828782175786078,0.0669096215387852,248.47999572753903,0,1,0
