Date,close,high,low,open,volume,rsi_14,macd,macd_signal,macd_diff,bb_bbm,bb_bbh,bb_bbl,bb_bbhi,bb_bbli,ema_10,ema_50,atr,volume_change_pct,next_close,target,pred_rf,pred_lstm
2023-01-12,131.30441284179688,132.14098840377943,129.36550386584642,131.76699610111268,71379600,48.77712129780164,-2.7826515587044582,-3.707170568213981,0.9245190095095226,129.32069816589356,137.55461080030074,121.08678553148638,0.0,0.0,128.8192474719235,135.86014197042806,4.004229218473285,0.0276523238922585,132.63308715820312,1,0,0
2023-01-13,132.63308715820312,132.79056549396478,129.58202324711493,129.94617875784812,57809700,51.15535316626474,-2.285354485267277,-3.42280735162464,1.137452866357363,128.90486640930175,135.40511231412503,122.40462050447844,0.0,0.0,129.51267286942883,135.7335908013212,3.9473944347858967,-0.1901089386883647,133.79444885253906,1,1,0
2023-01-17,133.79444885253906,135.12313266732727,132.01301865225,132.7019674841355,63646600,53.20068306739966,-1.777046107553076,-3.0936551028103274,1.3166089952572513,128.87730827331544,135.28912710481058,122.46548944182028,0.0,0.0,130.29117759363072,135.65754601901602,3.887588690520995,0.1009674846954749,133.07598876953125,0,1,0
2023-01-18,133.07598876953125,136.42232060237055,132.8988218980733,134.6605787592018,69672800,51.75679476864108,-1.415860620437968,-2.758096206335856,1.3422355858978876,128.9117557525635,135.40550779437925,122.41800371074768,0.0,0.0,130.79750689833992,135.55630847982053,3.861582262933585,0.0946821982635364,133.13504028320312,1,1,0
2023-01-19,133.13504028320312,134.0995687562006,131.65871475561192,131.96381962844052,58280400,51.87241226388045,-1.1120347121153884,-2.428883907491762,1.3168491953763737,129.05446739196776,135.78348775477625,122.32544702915928,0.0,0.0,131.22251296831504,135.46135678583553,3.760101672766091,-0.1635128773352011,135.6940155029297,1,1,0
2023-01-20,135.6940155029297,135.84165708820683,132.1016288639502,133.14489665420894,80223600,56.713666928814966,-0.6571869349373003,-2.0745445129808697,1.4173575780435694,129.3285732269287,136.6448543407891,122.01229211306833,0.0,0.0,132.0355134291541,135.47048065709413,3.7586678550154153,0.3765107995140733,138.88287353515625,1,0,0
2023-01-23,138.88287353515625,141.0579999020067,135.72353008280908,135.9400590430552,81760300,61.86209296361521,-0.0389535692220306,-1.667426324229102,1.6284727550070714,129.6071086883545,137.87153683686125,121.3426805398477,1.0,0.0,133.28048799388174,135.60429998564558,3.873333322448388,0.0191552111847386,140.28045654296875,1,0,0
2023-01-24,140.28045654296875,140.90051809732327,138.0856567013407,138.0954934654877,66435100,63.88924958695504,0.55734931985873,-1.2224711954115357,1.7798205152702655,130.1139820098877,139.60080062681698,120.62716339295844,1.0,0.0,134.55320954826118,135.78767867416806,3.797728184843687,-0.1874406038138314,139.6210174560547,0,0,0
2023-01-25,139.6210174560547,140.18201330953534,136.61915274790366,138.6663258108729,65799300,62.20903153503291,0.9655818064233586,-0.784860595044557,1.7504424014679154,130.60609092712403,140.9542947890155,120.25788706523252,0.0,0.0,135.47462916786,135.93800568522246,3.7879835855737873,-0.0095702422364081,141.68788146972656,1,0,0
2023-01-26,141.68788146972656,141.9732977828438,139.6603818984353,140.9103416541343,54105100,65.29017672306117,1.4392963333817193,-0.3400292093593017,1.779325542741021,131.29159851074218,142.6223178373697,119.96087918411466,0.0,0.0,136.60431140456302,136.16349101010496,3.685433352803453,-0.1777252949499462,143.6267852783203,1,0,0
2023-01-27,143.6267852783203,144.9062704324847,140.82177572822627,140.90051489349364,70555800,67.93155772350974,1.9487083454063447,0.1177183015938276,1.8309900438125173,132.27040214538573,144.2911448412274,120.24965944954404,0.0,0.0,137.88112483615524,136.45616921670165,3.713937735050236,0.3040508196085028,140.7430419921875,0,0,0
2023-01-30,140.7430419921875,143.2527985417942,140.59541543784155,142.6721140707524,64015300,60.55106359267152,2.095570618663998,0.5132887650078619,1.5822818536561367,132.9293357849121,145.28608522704576,120.57258634277844,0.0,0.0,138.40147340997927,136.62428187456385,3.665182885437988,-0.0926996788357583,142.0126953125,1,0,0
2023-01-31,142.0126953125,142.0619091768315,140.03442411726166,140.44779354531312,65874500,62.48368708784879,2.2880353925669965,0.8682380905196889,1.4197973020473076,133.63600425720216,146.36756737739407,120.90444113701028,0.0,0.0,139.0580592104376,136.8355922054633,3.5482044693045487,0.0290430568942112,143.1346893310547,1,0,0
2023-02-01,143.1346893310547,144.29607334830789,139.08957136310852,141.69774073810188,77663600,64.15490015662435,2.502256201035891,1.1950417126229294,1.3072144884129615,134.6379379272461,147.0437409244904,122.2321349300018,0.0,0.0,139.79926468691343,137.08261562215316,3.666654291868464,0.178963028182377,148.43963623046875,1,1,0
2023-02-02,148.43963623046875,148.79393998354684,145.83145179927072,146.54992610628193,118339000,70.78217199199901,3.0647639238518423,1.568986154868712,1.4957777689831302,135.8416362762451,148.69083327847218,122.99243927401804,0.0,0.0,141.3702413311962,137.527988979342,3.808982603341585,0.5237382763611267,152.0615234375,1,0,0
2023-02-03,152.0615234375,154.8960731461596,145.4967979818679,145.69363837431163,154357300,74.27869615386413,3.7594744932986823,2.0070838225547063,1.7523906707439765,137.2923725128174,150.5799116117207,124.00483341391411,1.0,0.0,143.31411080506962,138.0979315071129,4.208289214838022,0.3043654247543075,149.3352813720703,0,0,0
2023-02-06,149.3352813720703,150.68366923696223,148.40027797417193,150.16203528809376,69858300,67.7103250658898,4.043442387294903,2.4143555355027457,1.6290868517921568,138.38042602539062,151.86897865750913,124.89187339327208,0.0,0.0,144.40886908997882,138.53861189397398,4.16921466115874,-0.5474247087763261,152.20916748046875,1,0,0
2023-02-07,152.20916748046875,152.7800151967711,148.26246234257331,148.26246234257331,83322600,70.65610926152343,4.449101111895857,2.821304650781368,1.6277964611144888,139.586092376709,153.48640908814667,125.68577566527132,0.0,0.0,145.827105160977,139.0747121130522,4.194095960661529,0.1927372982165325,149.5222625732422,0,0,0
2023-02-08,149.5222625732422,152.14028370808583,148.7840997356859,151.45133472995892,64120100,64.71196590047973,4.50188289940391,3.1574203005058767,1.344462598898033,140.62887115478514,154.2218129735435,127.03592933602678,0.0,0.0,146.49895196320702,139.48441997423612,4.139165373813051,-0.2304596832071971,148.4888153076172,0,0,0
2023-02-09,148.4888153076172,151.89421276586904,148.04592065726197,151.35289040745275,56007100,62.53290742398634,4.409492405186256,3.407834721441953,1.0016576837443032,141.48415603637696,154.79208492526337,128.17622714749055,0.0,0.0,146.86074529855432,139.83753351672163,4.118388712012624,-0.1265281869491782,148.85353088378906,1,0,0
2023-02-10,148.85353088378906,149.17882019931434,147.08909918660703,147.32567733632254,57450700,63.0063444440928,4.315950184679736,3.58945781408951,0.7264923705902255,142.36161193847656,155.1740027652487,129.5492211117044,0.0,0.0,147.22306995041518,140.19110204092036,3.9734838763479594,0.0257753034883077,151.65298461914062,1,1,0
2023-02-13,151.65298461914062,152.0571182724141,148.7648180243575,148.79438841262413,62199000,66.50496120627881,4.4167957493858125,3.7549254011487703,0.6618703482370418,143.31260681152344,155.91724389800197,130.7079697250449,0.0,0.0,148.02850898109253,140.64058763222312,3.924827902898575,0.0826499938207889,151.01226806640625,0,1,0
2023-02-14,151.01226806640625,151.5741355635304,148.7056873791277,149.9476888936107,61707600,64.99002903725128,4.394360660554071,3.882812453029831,0.5115482075242399,144.1734977722168,156.40665899892224,131.94033654551134,0.0,0.0,148.57101063296776,141.04732019826952,3.855004284121028,-0.0079004485602662,153.1118621826172,1,1,0
2023-02-15,153.1118621826172,153.279432747917,150.696851620169,150.923562968411,65573800,67.59501315165872,4.494194116915793,4.005088785807024,0.4891053311087692,145.1752914428711,156.87929938109482,133.47128350464735,0.0,0.0,149.3966200056313,141.52043949177337,3.764116915808669,0.0626535467268214,151.51498413085938,0,1,0
2023-02-16,151.51498413085938,154.09756497312395,151.16012443154224,151.3178281549916,68167900,63.71211129309511,4.393809041652531,4.0828328369761255,0.3109762046764057,146.09428863525392,156.70797741614552,135.4805998543623,0.0,0.0,149.7817771193091,141.91238241879634,3.705068603363885,0.0395600071979966,150.37158203125,0,1,0
2023-02-17,150.37158203125,150.81515300249052,148.69586111717868,150.17444104857563,59144100,61.00969334899081,4.1738763047492,4.101041530530741,0.0728347742184594,146.82816696166992,156.4470022060948,137.20933171724505,0.0,0.0,149.88901437602564,142.2441157369318,3.641786775529372,-0.1323760890389758,146.3596649169922,0,1,0
2023-02-21,146.3596649169922,149.1394018439348,146.29067235544915,148.05510409777494,58867200,52.58205778669576,3.6339598173798606,4.007625187900564,-0.3736653705207038,147.2020065307617,156.11162653793423,138.2923865235892,0.0,0.0,149.2473144743832,142.4055098224244,3.673152696977335,-0.0046817856726198,146.78353881835938,1,1,0
2023-02-22,146.78353881835938,147.8086807909047,145.0585291708209,146.74410160351695,51011300,53.3158045393951,3.2033489796083643,3.8467699462421248,-0.6434209666337605,147.52716064453125,155.85853988688754,139.19578140217496,0.0,0.0,148.79935526419703,142.57719723402968,3.6072240486277978,-0.1334512258099587,147.2665252685547,1,1,1
2023-02-23,147.2665252685547,148.1931042440918,145.1373820304515,147.94667430552937,48394200,54.18574016633672,2.8679992482689443,3.651015806647489,-0.7830165583785447,147.90943603515626,155.41540088448502,140.4034711858275,0.0,0.0,148.52065890135296,142.76109245106989,3.567831060414406,-0.0513043188470005,144.61495971679688,0,1,1
2023-02-24,144.61495971679688,145.0881010134071,143.6390916917033,145.00924162382364,55469600,48.80844011180316,2.3610562039366414,3.39302388610532,-1.0319676821686783,148.05578994750977,155.17498913344613,140.9365907615734,0.0,0.0,147.8105317768882,142.83379312815725,3.572088383017048,0.1462034706638399,145.8076934814453,1,1,1
2023-02-27,145.8076934814453,147.03984342133134,145.34440390077674,145.60070071444446,44998500,51.15651391237203,2.0321188347145096,3.1208428758271576,-1.088724041112648,148.16483535766602,155.07301923733644,141.2566514779956,0.0,0.0,147.44637935953494,142.95041667142343,3.4901451916968638,-0.1887718678339126,145.30496215820312,0,0,1
2023-02-28,145.30496215820312,146.95111245136155,144.73324285815977,144.9501024216552,50547000,50.1131349724248,1.711142399028688,2.838902780467464,-1.127760381438776,148.3929313659668,154.5682098982078,142.2176528337258,0.0,0.0,147.0570307774746,143.04275178855204,3.399268363232929,0.1233041101370044,143.23495483398438,0,1,1
2023-03-01,143.23495483398438,145.12753521820275,142.93923585875515,144.7332532784917,55479000,45.95679135970981,1.275036146926567,2.526129453759285,-1.251093306832718,148.45404434204102,154.39530580141837,142.51278288266366,0.0,0.0,146.36210787865818,143.0502891628827,3.325443930105432,0.0975725562347913,143.8263702392578,1,1,1
2023-03-02,143.8263702392578,144.61494903595985,141.84506394442167,142.31822024697658,52238100,47.30160677931831,0.9660055698093686,2.214104676969302,-1.2480991071599332,148.48862838745117,154.31252480459565,142.6647319703067,0.0,0.0,145.90106467149445,143.0807237148974,3.285761155922057,-0.0584166982101335,148.87326049804688,1,1,1
2023-03-03,148.87326049804688,148.9521198871165,145.22610023869615,145.9259528752422,70732300,57.10991992730683,1.1154799181273916,1.99437972520092,-0.8788998070735281,148.51030960083008,154.33654316149216,142.684076040168,0.0,0.0,146.4414639126858,143.30788202011897,3.4171889053461024,0.3540366131233716,151.6332550048828,1,0,1
2023-03-06,151.6332550048828,154.06798373466975,151.26854354881283,151.5938177961309,87558000,61.34684634861898,1.4400479303962186,1.88351336623998,-0.4434654358437611,148.48889617919923,154.26570299797626,142.7120893604222,0.0,0.0,147.38542592944887,143.63436723520775,3.544155643294444,0.2378785929483418,149.4351043701172,0,0,1
2023-03-07,149.4351043701172,151.83039589059405,148.9718149331636,151.50510660246357,56182000,56.55503962926608,1.5025772576865393,1.807326144529292,-0.3047488868427523,148.49388732910157,154.2737822921895,142.71399236601363,0.0,0.0,147.7580947368431,143.86184712285126,3.495186022875586,-0.3583453253843166,150.68695068359375,1,0,0
2023-03-08,150.68695068359375,151.2783884609091,149.66180891591966,150.62780991403972,47204800,58.54114637839274,1.6343064678045778,1.772722209184349,-0.1384157413797713,148.41777648925782,154.03785285878314,142.7977001197325,0.0,0.0,148.29061399988865,144.12949824288037,3.377193027726752,-0.1597878324018369,148.4395294189453,0,0,0
2023-03-09,148.4395294189453,152.33311931510104,148.08466971716794,151.3671181983863,53833600,53.787139713687154,1.539607070371801,1.7260991814218396,-0.1864921110500386,148.36363983154297,153.96092953500747,142.76635012807847,0.0,0.0,148.3176895306262,144.29851907331428,3.439425639884349,0.1404263973155273,146.37936401367188,0,1,0
2023-03-10,146.37936401367188,148.7845223003039,145.50207415084836,148.06495118697146,68572400,49.79516291208427,1.2835233270009496,1.6375840105376616,-0.3540606835367119,148.2581672668457,153.92116033599297,142.59517419769844,0.0,0.0,147.96526670936177,144.38012083568125,3.4282129619965773,0.2737844023063662,148.32127380371094,1,1,0
2023-03-13,148.32127380371094,150.95314411845015,145.59082548311503,145.69925527320058,84457100,53.31255898007708,1.2231710517477268,1.5547014187796746,-0.3315303670319478,148.2315544128418,153.88810481436215,142.57500401132145,0.0,0.0,148.0299952719707,144.53467585403538,3.566363367235045,0.2316485933115948,150.41094970703125,1,1,0
2023-03-14,150.41094970703125,151.2093801741156,147.956517536496,149.11965944141213,73695900,56.81852536527413,1.3286450272216257,1.509490140468065,-0.1808451132464392,148.16945266723633,153.70026199102097,142.6386433434517,0.0,0.0,148.46289607834535,144.76511796591757,3.5439704579768003,-0.1274161674980551,150.80528259277344,1,0,0
2023-03-15,150.80528259277344,151.06156433450928,147.77911548729296,149.03098388604965,77167900,57.46760246550703,1.427596833339038,1.4931114790422595,-0.0655146457032214,148.1591033935547,153.66933236762827,142.6488744194811,0.0,0.0,148.8887845355141,145.00198716697076,3.525290342922481,0.0471125259342786,153.6244354248047,1,1,0
2023-03-16,153.6244354248047,154.22572509887632,149.47454848721353,149.98712698991974,76161100,61.87924775943991,1.7137439519880786,1.5372379736314232,0.1765059783566553,148.18473205566406,153.790800459748,142.57866365158011,0.0,0.0,149.74981196993056,145.34012239276817,3.612853647832504,-0.013046875708682,152.78656005859375,0,1,0
2023-03-17,152.78656005859375,154.50171782493953,152.07684064085686,153.8511391851991,98944600,59.89092347303406,1.8515643838018436,1.6001032556655077,0.2514611281363359,148.2483108520508,154.03009970280533,142.46652200129623,0.0,0.0,150.30194798605115,145.63213955613386,3.527998186136088,0.2991487780507371,155.1522979736328,1,1,0
2023-03-20,155.1522979736328,155.56631354554972,151.94870846939224,152.85558396503848,73641400,63.46094918880576,2.127162739456168,1.7055151524236396,0.421647587032528,148.48734664916992,154.95510371019213,142.0195895881477,1.0,0.0,151.1838298019751,146.00547910191816,3.534398678280472,-0.255730984813724,157.00543212890625,1,1,0
2023-03-21,157.00543212890625,157.1237136794573,154.30455474450915,155.07342994575768,73938300,66.01287488838636,2.466674571919896,1.857747036322891,0.6089275355970047,149.01963500976564,156.38880782239738,141.6504621971339,1.0,0.0,152.24230295232618,146.43684980885888,3.483310125185306,0.0040316995603015,155.57615661621094,0,1,0
2023-03-22,155.57615661621094,159.82460651427928,155.5564380089166,157.0251659140942,75701800,62.39341871231621,2.5905473391118505,2.004307096880683,0.5862402422311677,149.4592658996582,157.27778088300082,141.64075091631557,0.0,0.0,152.8484581639416,146.79525399738247,3.53937143805512,0.0238509676311193,156.66043090820312,1,1,0
2023-03-23,156.66043090820312,159.24302685232914,155.4282812343858,156.56186795883147,67622100,64.0057550240349,2.7445715607560714,2.1523599896557606,0.5922115711003109,149.92896118164063,158.2750054610635,141.58291690221776,0.0,0.0,153.54154411744366,147.18212368015975,3.55904102233285,-0.1067306193511911,157.96160888671875,1,1,0
2023-03-24,157.96160888671875,158.0503200650471,155.5958872192805,156.5914588714899,59196500,65.89542782968844,2.9377663131992904,2.309441254364467,0.6283250588348235,150.5962936401367,159.26417043843887,141.92841684183455,0.0,0.0,154.34519225731185,147.60484859022088,3.480140438292402,-0.1245983191885493,156.01971435546875,0,1,0
2023-03-27,156.01971435546875,158.47416184588545,155.61556566491817,157.6560126824132,52390300,60.767972243407286,2.900741939393299,2.427701391370233,0.4730405480230657,151.10689468383788,159.78939401538784,142.42439535228792,0.0,0.0,154.6496508206131,147.93484332611297,3.4357444199120364,-0.1149763921853488,155.39871215820312,0,1,0
2023-03-28,155.39871215820312,156.22672817707905,153.7525619849842,155.714149696992,45992200,59.182025386127656,2.789138714100801,2.4999888559163472,0.2891498581844538,151.6115821838379,160.05660509629885,143.16655927137694,0.0,0.0,154.785843791084,148.2275440646263,3.367060260782238,-0.122123751915908,158.4741668701172,1,1,0
2023-03-29,158.4741668701172,158.75016719414856,157.074446643704,157.09415020907082,51305700,64.16936833650007,2.915250651769611,2.5830412150870004,0.3322094366826107,152.37354278564453,160.39735190106953,144.34973367021954,0.0,0.0,155.45644798727184,148.62937240993966,3.3659456018653238,0.1155304595127,160.04147338867188,1,1,0
2023-03-30,160.04147338867188,160.14990317241256,158.96704237580855,159.22332411879057,49501700,66.4210849337016,3.1058613719160064,2.6876052464528017,0.4182561254632047,153.18429794311524,160.85898472879867,145.5096111574318,0.0,0.0,156.29008896934457,149.07690578165466,3.245216366181756,-0.0351617851427814,162.545166015625,1,1,0
2023-03-31,162.545166015625,162.64374399803975,159.59787385661696,160.1203040734608,68749800,69.69716344968595,3.419530591594849,2.8339903154812114,0.5855402761136381,153.86789321899414,162.28452964319348,145.4512567947948,1.0,0.0,157.42737570503192,149.60507284965348,3.2309773501275445,0.3888371510473378,163.7970428466797,1,1,0
2023-04-03,163.7970428466797,163.91532439911353,161.87489241518372,161.92418140899423,56976200,71.20967759470656,3.7261786380758792,3.012427980000145,0.7137506580757345,154.476082611084,163.86112774825608,145.0910374739119,0.0,0.0,158.58549700351332,150.16162069267412,3.145938395399135,-0.1712528618265071,163.2647705078125,0,1,0
2023-04-04,163.2647705078125,164.45748300799937,162.75219201536794,164.22091988909426,46278300,69.61857469179179,3.881505910844254,3.186243566168967,0.695262344675287,155.16756591796874,164.99265575145105,145.34247608448644,0.0,0.0,159.436274004295,150.6754697050325,3.043035009487156,-0.1877608545322433,161.4214630126953,0,1,0
2023-04-05,161.4214630126953,162.69304993016723,159.48946069965243,162.38747921010668,51511700,64.26342412792579,3.811922909432951,3.311379434821764,0.5005434746111872,155.70429153442382,165.66356640185995,145.74501666698768,0.0,0.0,159.7972174603678,151.0968812072938,3.0953403522495075,0.1130853985561266,162.3086395263672,1,1,0
2023-04-06,162.3086395263672,162.60435849941234,159.6866210280676,160.11047335808198,45390100,65.63360368254259,3.784737511589583,3.406051050175328,0.3786864614142553,156.39774703979492,166.16666522423412,146.62882885535572,0.0,0.0,160.25383965418584,151.5365580041202,3.082654432184881,-0.1188390210379389,159.7161407470703,0,1,0
2023-04-10,159.7161407470703,159.7161407470703,157.793990593468,159.11485120764732,47716900,58.567000059837184,3.5134984794710533,3.427540536034473,0.0859579434365804,157.06458587646483,165.76986094538583,148.35931080754384,0.0,0.0,160.15607621652848,151.85732595482412,3.184939753664473,0.0512622796601021,158.5037384033203,0,1,0
2023-04-11,158.5037384033203,160.04145880285023,158.21787125365222,160.03160702009572,47644200,55.55456875449176,3.164233541079369,3.374879137043452,-0.2106455959640829,157.5737091064453,165.31128747252038,149.83613074037024,0.0,0.0,159.85565115958156,152.11796958025533,3.0877003104882976,-0.0015235692176147,157.81375122070312,0,1,1
2023-04-12,157.81375122070312,159.74575366976245,157.49831365463328,158.9177526201656,50133100,53.856780591088864,2.799491565765124,3.259801622787786,-0.4603100570226632,157.9438491821289,164.94903325317156,150.93866511108624,0.0,0.0,159.48439662524,152.34133356615524,3.027681717962646,0.0522393071979381,163.1957550048828,1,1,1
2023-04-13,163.1957550048828,163.4323331532267,159.11487595150933,159.32188371142138,68445600,63.28267228713045,2.9111556583080187,3.190072429891833,-0.2789167715838143,158.56337280273436,165.11028369011635,152.01646191535238,0.0,0.0,160.15918905790232,152.7669971519877,3.212746019002712,0.3652776309464205,162.8507843017578,0,1,1
2023-04-14,162.8507843017578,163.94493394539444,161.48063430124813,162.23962776220338,49386500,62.40275626770228,2.9379471771927967,3.139647379352026,-0.2017002021592291,159.02469024658205,165.41284694621757,152.63653354694648,0.0,0.0,160.64857001133058,153.16243978531205,3.1592855636558257,-0.2784561754152203,162.87046813964844,1,0,1
2023-04-17,162.87046813964844,163.02818690758198,161.68760746192598,162.73246797792896,41516200,62.434852478382254,2.9270270246158248,3.097123308404786,-0.1700962837889612,159.52888565063478,165.4421623961735,153.61560890509605,0.0,0.0,161.05255148920656,153.54314677959977,3.029377983798696,-0.1593613639354885,164.09274291992188,1,0,1
2023-04-18,164.09274291992188,165.01932174992547,163.28444562876558,163.72803148121778,49923000,64.46354227082901,2.982618317466347,3.0742223102170985,-0.0916039927507514,159.9759078979492,165.8497806414585,154.10203515443993,0.0,0.0,161.60531356751844,153.95685643216143,2.966483385690005,0.2024944479504387,165.2362060546875,1,0,1
2023-04-19,165.2362060546875,165.7586363174907,163.17604035173306,163.43233711220313,47720200,66.29726509130415,3.0833992292539847,3.076057694024476,0.0073415352295089,160.38744659423827,166.51886785634633,154.2560253321302,0.0,0.0,162.2654758379128,154.39918386833892,2.939062855694836,-0.0441239508843619,164.27020263671875,0,0,1
2023-04-20,164.27020263671875,165.47278202514906,163.19577163848064,163.71820194187683,52456400,63.324422127806784,3.050160078602857,3.0708781709401523,-0.0207180923372947,160.82214889526367,166.7571231140716,154.88717467645574,0.0,0.0,162.62997161951387,154.7862826435695,2.8917733936215204,0.0992493744787321,162.6634979248047,0,0,1
2023-04-21,162.6634979248047,164.07307012591417,162.141067594516,162.6930683177726,58337300,58.61640913100282,2.8611881735400004,3.028940171460122,-0.1677519979201216,161.12230224609374,166.78601876184652,155.45858573034096,0.0,0.0,162.63606731138492,155.0951930467552,2.837299225663038,0.1121102477486064,162.9690399169922,1,0,1
2023-04-24,162.9690399169922,163.23518844762253,161.5496011414824,162.64375061086378,41949600,59.23706573159303,2.7049008493087,2.9641323070298378,-0.2592314577211376,161.37267379760743,166.89635306221044,155.84899453300443,0.0,0.0,162.69660778513168,155.40397135539197,2.755034088554258,-0.2809128979229413,161.43133544921875,0,0,1
2023-04-25,161.43133544921875,163.93505711689548,161.3918982344198,162.83105575677226,48714100,54.78395739352277,2.428962551136322,2.857098355851135,-0.4281358047148123,161.64325485229492,166.59179296668992,156.6947167378999,0.0,0.0,162.46655826951115,155.64033857475772,2.7399001452629297,0.1612530274424548,161.4214630126953,0,0,1
2023-04-26,161.4214630126953,162.91976126426218,160.47518046288778,160.73146218660858,45498800,54.75549747781607,2.1843035470776044,2.7225393940964286,-0.5382358470188242,161.94439239501952,165.98620755945035,157.9025772305887,0.0,0.0,162.2765409500901,155.86704933702978,2.718805906413749,-0.0660034774326119,166.00506591796875,1,0,1
2023-04-27,166.00506591796875,166.1529178634098,162.83104713478986,162.83104713478986,64902300,64.08440168515456,2.3333703306764733,2.644705581412438,-0.3113352507359646,162.3209373474121,166.40241333925542,158.23946135556878,0.0,0.0,162.9544545806135,156.26461861471367,2.862566545292374,0.4264617967946407,167.25694274902344,1,0,1
2023-04-28,167.25694274902344,167.42452836533985,165.48265898999023,166.08394872105114,55275900,66.13800544581956,2.523434249299015,2.620451314989753,-0.0970170656907383,162.68171081542968,167.15065419929573,158.21276743156363,1.0,0.0,163.736725156688,156.6956901493925,2.796802461725035,-0.1483214000120181,167.16819763183594,0,0,1
2023-05-01,167.16819763183594,168.0159171618742,166.23176694003394,166.86262693627947,52472900,65.85055661647726,2.6365082588225164,2.623662703756306,0.0128455550662103,162.91286239624023,167.7893072743499,158.03641751813055,0.0,0.0,164.3606292430785,157.10637671733144,2.724470158876123,-0.0507092602743691,166.13319396972656,0,0,1
2023-05-02,166.13319396972656,167.91735928630777,165.14747425578494,167.6610625345139,48425700,62.44201602912644,2.612488934163281,2.621427949837701,-0.0089390156744202,163.02966995239257,168.0935509446154,157.96578896016973,0.0,0.0,164.6829137388327,157.46036955075868,2.727714078279459,-0.0771293372388414,165.0587921142578,0,0,1
2023-05-03,165.0587921142578,168.47924132633688,164.7729399649435,167.07952089132834,65136000,59.02643107892167,2.478191150769959,2.592780590024153,-0.1145894392541939,163.11937103271484,168.2597132843042,157.97902878112546,0.0,0.0,164.75125526163723,157.75834690619,2.797613169930453,0.3450709024340381,163.42245483398438,0,0,1
2023-05-04,163.42245483398438,164.65460440159984,161.96359395737636,162.53531316165655,81235400,54.16670951087089,2.214196567055126,2.517063785430348,-0.3028672183752219,163.21942062377929,168.30123844912637,158.1376027984322,0.0,0.0,164.50965518388216,157.98046878571137,2.818869240426953,0.2471659297469908,171.09140014648438,1,0,1
2023-05-05,171.09140014648438,171.81097141948842,168.32151475691046,168.53837432535954,113453200,67.62132813752248,2.593897911671064,2.532430610678491,0.061467300992573,163.65855865478517,169.76439286876527,157.55272444080506,1.0,0.0,165.70633608617345,158.49462295672205,3.2167011936467453,0.3965980348468771,171.02236938476562,0,0,1
2023-05-08,171.02236938476562,171.3673772990156,169.65221959190652,170.01693107088172,55962800,67.42944727474053,2.8563179025388195,2.597208069050557,0.2591098334882629,164.22387008666993,170.83745559606746,157.6102845772724,1.0,0.0,166.67288759500838,158.9859071303708,3.109448087465484,-0.5067322913765324,169.31710815429688,0,0,1
2023-05-09,169.31710815429688,171.06182151405454,169.14953757945025,170.5788283985824,45326900,62.69657566207044,2.89333474420647,2.6564334040817394,0.2369013401247306,164.76453857421876,171.18438725967337,158.34468988876415,0.0,0.0,167.15365496942448,159.39105226856398,3.023936362261113,-0.1900530352305459,171.08151245117188,1,0,0
2023-05-10,171.08151245117188,171.54480192353225,169.44521410372417,170.5492304195713,53724500,65.40247725985894,3.0301142678369217,2.731169576832776,0.298944691004146,165.42792663574218,171.5738411396309,159.28201213185346,0.0,0.0,167.86781087519674,159.84950168748978,2.967061891330703,0.1852674681039294,171.26882934570312,1,0,0
2023-05-11,171.26882934570312,172.09683043603525,169.71139012861647,171.36740735017244,49514700,65.68704453213721,3.117689153802445,2.80847349222671,0.3092156615757351,165.8315803527832,172.38499401678374,159.27816668878265,0.0,0.0,168.48617786983428,160.2973184584001,2.9255174924798517,-0.0783590354493759,170.34095764160156,0,0,0
2023-05-12,170.34095764160156,171.8117019924622,168.79122976444327,171.3773829679925,45533100,62.926046728872834,3.0767544794732657,2.862129689676021,0.2146247897972442,166.2060890197754,172.8901051307614,159.52207290878937,0.0,0.0,168.82341055561017,160.6911866616629,2.932299973589785,-0.0804124835654865,169.84739685058594,0,0,0
2023-05-15,169.84739685058594,170.97267098611968,169.25514096380277,170.9233138186056,37266700,61.44652592308305,2.970248053527825,2.8837533624463827,0.0864946910814428,166.5549354553223,173.23444496142395,159.87542594922058,0.0,0.0,169.0095898819694,161.05025372789518,2.845530691356008,-0.1815470503875202,169.84739685058594,0,0,1
2023-05-16,169.84739685058594,170.9035679392614,169.58088019536424,169.768428394902,42110300,61.44652592308305,2.8529538673480204,2.8775934634267104,-0.02463959607869,166.84266815185546,173.56875682322087,160.11657948049006,0.0,0.0,169.16191842171784,161.3952397327066,2.736756195108946,0.1299712612063852,170.45936584472656,1,0,0
2023-05-17,170.45936584472656,170.69625612547324,168.21868321528598,169.49202872106457,57951600,62.70739918401642,2.7773624575677047,2.857547262254909,-0.0801848046872044,167.10382614135742,173.96439544568952,160.2432568370253,0.0,0.0,169.39781795317396,161.75069565866815,2.718243103328826,0.3761858737648509,172.78892517089844,1,0,1
2023-05-18,172.78892517089844,172.97647339745131,170.35082834910114,170.7654015048888,65496700,67.1161863524554,2.872321356749893,2.860502081153906,0.0118192755959869,167.5297622680664,174.68517354942057,160.37435098671224,0.0,0.0,170.01438290185112,162.18356740424582,2.711628956544637,0.1301965778339164,172.8975067138672,1,0,1
2023-05-19,172.8975067138672,174.11161490131877,172.68034719263906,174.11161490131877,55809500,67.31017484866476,2.922648123277611,2.872931289578647,0.0497168336989637,168.04146270751954,175.19541207844537,160.8875133365937,0.0,0.0,170.53858723130858,162.60372188697607,2.6201745816971425,-0.1479036348396178,171.9499053955078,0,0,1
2023-05-22,171.9499053955078,172.45332751081392,171.2095929310653,171.73274586766902,43570900,63.77432357070919,2.853179266833024,2.868980885029522,-0.0158016181964986,168.49050598144532,175.43901103003125,161.5420009328594,0.0,0.0,170.79519053389023,162.97023888731067,2.5535845246331967,-0.2192924143738969,169.34397888183594,0,0,1
2023-05-23,169.34397888183594,171.1404774028389,169.0675968111729,170.89370662105455,50747300,55.18848129926574,2.5583570589344333,2.806856119810505,-0.2484990608760715,168.88613815307616,175.03714852756232,162.73512777859,0.0,0.0,170.53133386988037,163.22018947533127,2.5770648146118904,0.1647062603710274,169.62037658691406,1,0,1
2023-05-24,169.62037658691406,170.19288666082696,168.317434571077,168.88006417332414,45143500,55.86714715292408,2.320264752194646,2.7095378462873336,-0.3892730940926876,169.29608383178712,174.40746847925035,164.18469918432388,0.0,0.0,170.36570527297738,163.47117720519728,2.5269496199788954,-0.1104255792919032,170.75552368164062,1,0,1
2023-05-25,170.75552368164062,171.65375792303627,169.47231254318322,170.18301363335365,56058300,58.637741674307904,2.197836476667902,2.6071975723634475,-0.4093610956955453,169.5336067199707,174.44893149844995,164.61828194149143,0.0,0.0,170.43658134727977,163.75683785133234,2.502270745684192,0.2417801012327356,173.16397094726562,1,0,1
2023-05-26,173.16397094726562,173.4995906286618,170.87394612033412,171.0812401864408,54835000,63.826580875335225,2.268997165445654,2.539557490979889,-0.2705603255342348,169.8289581298828,174.8698664779712,164.78804978179443,0.0,0.0,170.93247036545898,164.125745031565,2.519541902922547,-0.0218219246748474,175.0098419189453,1,0,1
2023-05-30,175.0098419189453,176.67801481811213,174.28927545149398,174.67423726963298,55964400,67.22061109246616,2.4461412906853184,2.5208742509209747,-0.0747329602356563,170.22104034423828,175.58277748849784,164.8593031999787,0.0,0.0,171.67381064791104,164.5525723604819,2.5905777577742586,0.0205963344579191,174.9604949951172,0,0,1
2023-05-31,174.9604949951172,177.03337571367211,174.4768188110026,175.03946345752533,99625300,67.03951859450287,2.5531166622265573,2.5273227331820918,0.0257939290444659,170.66240539550782,176.05864494276946,165.26616584824615,0.0,0.0,172.27138962013032,164.96072618929114,2.5881476966953483,0.7801548841763692,177.76380920410156,1,0,1
2023-06-01,177.76380920410156,177.79342049505456,174.64462268903534,175.40468096744894,68901800,71.70322609651666,2.831460133384695,2.588150213222612,0.2433099201620829,171.29765625,176.89329003968643,165.70202246031354,1.0,0.0,173.27001136267052,165.46280787614646,2.6281941330756244,-0.3083905393509479,178.6127166748047,1,0,1
2023-06-02,178.6127166748047,179.43199760539318,176.94454352013497,178.69168514468382,61996900,72.95134701287652,3.0849872650503016,2.6875176235881506,0.397469641462151,172.05716934204102,177.2822951104317,166.83204357365034,1.0,0.0,174.2414123285131,165.97849057413305,2.6181412725172377,-0.100213637379575,177.26040649414062,0,0,1
2023-06-05,177.26040649414062,182.56103856696868,175.74028990045602,180.27101332814428,121946500,67.81948610851532,3.140586487526804,2.7781313963758816,0.3624550911509221,172.36561965942383,178.03567841103364,166.695560907814,0.0,0.0,174.79032035862718,166.42091864942745,2.918327514945482,0.966977381127121,176.89517211914062,0,0,1
2023-06-06,176.89517211914062,177.79340630920336,175.13815031318512,177.64534986625156,64848400,66.45967131462407,3.1192214668172085,2.846349410464147,0.2728720563530613,172.65925979614258,178.62140479304847,166.6971147992367,0.0,0.0,175.17302067872052,166.83167368745544,2.899536692164965,-0.4682225402123062,175.52316284179688,0,0,1
2023-06-07,175.52316284179688,178.86937468745242,175.02962118278165,176.13514967923302,61944600,61.4733290474686,2.95748777357494,2.868577083086306,0.0889106904886336,172.96956253051758,178.8490535312634,167.09007152977176,0.0,0.0,175.23668289018894,167.1725163993904,2.966695035915379,-0.0447782828874729,178.2376251220703,1,0,1
2023-06-08,178.2376251220703,178.50412674833163,175.1677956906412,175.60209965770608,50214900,66.78329664543746,3.013608078736553,2.897583282216356,0.1160247965201972,173.3273681640625,179.56386277366056,167.09087355446445,0.0,0.0,175.782308750531,167.60644223165235,2.99309760889931,-0.1893579101326024,178.62257385253906,1,0,1
2023-06-09,178.62257385253906,179.8761586114367,178.29683460490384,179.15559212759166,48900000,67.46806556385152,3.053942027618689,2.9288550312968225,0.1250869963218663,173.6950553894043,180.26113593080373,167.12897484800487,0.0,0.0,176.29872058725974,168.03844739325578,2.896343028932673,-0.0261854549147763,181.41603088378903,1,0,0
2023-06-12,181.41603088378903,181.51474523727245,178.63246384356634,178.92859184232086,54274900,71.98193897645304,3.273579818807036,2.9977999887988656,0.2757798300081706,174.24880905151366,181.42930620558045,167.06831189744688,0.0,0.0,177.22914064117413,168.5630585105316,2.89604505434701,0.1099161554192229,180.94223022460932,0,0,0
2023-06-13,180.94223022460932,181.77137654932005,180.08347260699438,180.4388231835412,54929100,70.2027105189563,3.3705588924381686,3.072351769526726,0.2982071229114424,174.80355072021484,182.2476408346064,167.35946060582327,0.0,0.0,177.90424783816235,169.04851622480916,2.8097492606312,0.0120534538064556,181.573974609375,1,0,0
2023-06-14,181.573974609375,182.0082936822176,179.66891102186548,181.0014644735094,57462900,71.22404577145812,3.4585242840400667,3.149586272429395,0.3089380116106719,175.3898796081543,183.02495570887183,167.75480350743678,0.0,0.0,178.57147088747374,169.53971067126275,2.776151646325552,0.0461285548097456,183.6073455810547,1,0,0
2023-06-15,183.6073455810547,184.1107676661695,181.4061542027307,181.5838370156226,65433200,74.27984650310648,3.650235887348856,3.249716195413287,0.4005196919355689,176.0472785949707,184.1224906393176,167.97206655062382,0.0,0.0,179.4870844681248,170.0913826285095,2.771041776119355,0.1387034068938393,182.5314178466797,0,0,1
2023-06-16,182.5314178466797,184.57468723659963,181.88981981135748,184.31803597311568,101256200,70.04144991913142,3.6730101631266905,3.334374988955968,0.3386351741707223,176.53440322875977,184.933529783686,168.13527667383354,0.0,0.0,180.04059962786204,170.57922714686913,2.7648864653424114,0.5474743708087026,182.6202850341797,1,0,1
2023-06-20,182.6202850341797,183.69621733182024,182.02804406160988,182.02804406160988,49799100,70.19273487410082,3.6560847113785258,3.39871693344048,0.2573677779380459,177.0205421447754,185.64389363482317,168.39719065472764,0.0,0.0,180.5096333381016,171.0514254953911,2.686549808547265,-0.5081871529842124,181.58383178710932,0,0,1
2023-06-21,181.58383178710932,183.015099412311,180.23151756348105,182.5116773416917,49515700,66.00621875122789,3.518479215668464,3.4226693898860767,0.0958098257823869,177.50223846435546,186.01437783158173,168.9900990971292,0.0,0.0,180.70494214701208,171.4644610362428,2.693480668567457,-0.0056908658991828,184.5845642089844,1,0,1
2023-06-22,184.5845642089844,184.6339213828765,181.2975752421376,181.3666782979256,51245300,71.3365200397237,3.609946679000558,3.460124847708973,0.1498218312915846,178.2642677307129,186.44070888217945,170.08782657924635,0.0,0.0,181.4103279764616,171.97897488615422,2.739399630865417,0.0349303352270087,184.2686920166016,0,0,1
2023-06-23,184.2686920166016,185.13733008755813,182.620264813178,183.15329819733583,53117000,70.09062622465942,3.6152724462757817,3.491154367422335,0.1241180788534466,178.99668350219727,186.5449091105072,171.44845789388737,0.0,0.0,181.93003052921432,172.4609245775443,2.723518605402181,0.0365243251576241,182.8768920898437,0,0,1
2023-06-26,182.8768920898437,185.62098193195172,182.83740033087776,184.41673933227065,48088700,64.72647327375131,3.4672185951827714,3.4863672129744225,-0.0191486177916511,179.6027519226074,186.30605669057147,172.89944715464335,0.0,0.0,182.10218717660143,172.8693938917521,2.727808819378739,-0.0946646083174878,185.630859375,1,0,1
2023-06-27,185.630859375,185.9565986299679,183.27173119056016,183.4888906938721,50730800,69.67238265697499,3.5313992235391254,3.495373615087363,0.0360256084517622,180.22609634399413,186.73425257624208,173.71794011174617,0.0,0.0,182.74376393994663,173.36984351854616,2.752944370860557,0.0549422213534571,186.80548095703125,1,0,1
2023-06-28,186.80548095703125,187.4470789620611,185.17679982937508,185.5025240055518,51216800,71.50745185265947,3.635141332373081,3.523327158544507,0.111814173828574,180.81587829589844,187.46272152197696,174.16903506981993,0.0,0.0,183.4822579430529,173.89673126123185,2.7184682824195194,0.009579979026548,187.14111328125,1,0,1
2023-06-29,187.14111328125,187.6149240946042,186.49951518133068,186.6377062364685,46347300,72.0282674806178,3.701768738862995,3.5590154746082048,0.1427532642547904,181.42490921020507,188.04619813743903,174.80362028297108,0.0,0.0,184.14750436817965,174.41611879142866,2.603964041766233,-0.0950762249886756,191.46450805664065,1,0,1
2023-06-30,191.46450805664065,191.96791501002733,188.7895062572109,189.15473724224137,85213200,77.68634846887561,4.056670492538842,3.658546478194333,0.3981240143445097,182.10994415283204,189.81983091697876,174.40005738868535,1.0,0.0,185.47786867517252,175.08468307633893,2.7627381622670257,0.838579593633286,189.9740295410156,0,0,1
2023-07-03,189.9740295410156,191.37568580561532,189.28305928715224,191.27697146600812,31458200,72.2597026975042,4.169598987847081,3.7607569801248815,0.4088420077221988,182.6780097961426,190.92871930547813,174.42730028680705,0.0,0.0,186.29535246896216,175.6685790161302,2.721217491354268,-0.6308294958996963,188.858642578125,0,0,1
2023-07-05,188.858642578125,190.48732393792235,188.1578068340229,189.09554798353173,46920300,68.40862607033853,4.121582193822718,3.83292202286445,0.2886601709582681,183.2579216003418,191.53433240541983,174.98151079526374,0.0,0.0,186.76140521608264,176.18583641071825,2.6932388922503514,0.4915125468081454,189.3324279785156,1,0,1
2023-07-06,189.3324279785156,189.53972207962792,186.756140199604,187.3878728511301,45094300,69.16048155301394,4.074787447608884,3.8812951078133366,0.1934923397955472,183.87978439331056,192.0182812961107,175.74128749051042,0.0,0.0,187.22886390016137,176.7013890212201,2.699691962805606,-0.0389170572225667,188.2169952392578,0,0,1
2023-07-07,188.2169952392578,190.18129599874976,187.78269133409245,188.93757673504143,46815000,65.2247567651442,3.902708183510725,3.885577722952815,0.0171304605579107,184.5144760131836,191.89143018553247,177.1375218408347,0.0,0.0,187.40852414363343,177.15298142192748,2.678185727223585,0.0381578159545663,186.1737670898437,0,0,1
2023-07-10,186.1737670898437,187.5359467558433,184.6240392018072,186.8153651594175,59922200,58.64164787816991,3.560420381389264,3.8205462546401048,-0.2601258732508409,184.91128311157223,191.72747760125432,178.0950886218902,0.0,0.0,187.1840228611262,177.50673772263008,2.743526463668373,0.2799786393250028,185.650634765625,0,0,1
2023-07-11,185.650634765625,186.85487763479412,184.1897556525184,186.71668657087457,46638100,57.053893804339005,3.2099402327081066,3.698425050253705,-0.4884848175455984,185.26268615722657,191.44057627149147,179.08479604296167,0.0,0.0,186.9052250255805,177.82610623412006,2.737926143568901,-0.221689123563554,187.3187866210937,1,0,1
2023-07-12,187.3187866210937,189.22385000348103,186.03557542450565,187.22993768452707,60750200,60.707297627738846,3.0318389510413795,3.56510783041124,-0.5332688793698606,185.5578239440918,191.5331113410259,179.58253654715773,0.0,0.0,186.98041804294652,178.19836821007982,2.797589650303696,0.302587369554077,188.07882690429688,1,0,1
2023-07-13,188.07882690429688,188.72044002337208,187.3286490921,188.0393502033157,41342300,62.2816859823299,2.918380032714225,3.4357622708718374,-0.5173822381576123,185.91465377807617,191.58960747503983,180.2397000811125,0.0,0.0,187.18012874501025,178.5858371784805,2.697879918301886,-0.319470553183364,188.22691345214844,1,0,1
2023-07-14,188.22691345214844,188.7105746208373,187.18060758311253,187.772848515288,41616200,62.59615646199919,2.808042997583214,3.3102184162141133,-0.5021754186308987,186.24730072021484,191.63835751282735,180.8562439276023,0.0,0.0,187.3704532372172,178.96391860097728,2.614457569689236,0.0066251756675366,191.4842834472656,1,0,1
2023-07-17,191.4842834472656,191.81002272437505,189.3324341486416,189.4212680255728,50520200,68.76501817406074,2.949443291634253,3.2380633912981414,-0.2886200996638881,186.6411476135254,192.34503723631988,180.9372579907309,0.0,0.0,188.11842236631685,179.45491330083175,2.683646977013334,0.2139551424685579,191.2276306152344,0,0,1
2023-07-18,191.2276306152344,191.8198865800326,189.93455398917624,190.852549228444,48288200,67.8159782415884,3.006141378245758,3.1916789886876646,-0.1855376104419068,187.07595825195312,192.7862389085896,181.36567759531667,0.0,0.0,188.68373295702912,179.91658848963183,2.626624520859265,-0.044180347662915,192.5799102783203,1,0,1
2023-07-19,192.5799102783203,195.6694700020996,190.16154474141445,190.60574416603285,80507300,70.15329941116731,3.124179095828623,3.1781790101158567,-0.0539999142872336,187.57393951416012,193.379407337214,181.76847169110636,0.0,0.0,189.3921288336275,180.4131893440902,2.8324317165611137,0.6672251191802552,190.6353759765625,0,0,1
2023-07-20,190.6353759765625,193.93223012421532,190.0135087645004,192.57005054034343,59581200,63.06121070454429,3.025936063072919,3.147730420707269,-0.12179435763435,188.0265167236328,193.27840711174144,182.7746263355242,0.0,0.0,189.61817376870655,180.81405940810876,2.910023833929248,-0.2599279816861328,189.46072387695312,0,0,1
2023-07-21,189.46072387695312,192.4515843269373,188.75988828116408,191.59282688932564,71951700,59.169821658056286,2.8207769831607266,3.0823397331979607,-0.2615627500372341,188.27032470703125,193.3088330107597,183.2318164033028,0.0,0.0,189.5895465156605,181.1531442892399,2.965857563346675,0.2076242170349036,190.26031494140625,1,0,1
2023-07-24,190.26031494140625,192.3924185835724,189.7667732684065,190.91179356457312,45377800,60.936886785229504,2.6916792478222646,3.0042076361228216,-0.3125283883005569,188.56990585327148,193.32563606668444,183.8141756398585,0.0,0.0,189.71150441125064,181.51028823638367,2.9634173592947186,-0.3693297031202877,191.1190185546875,1,0,1
2023-07-25,191.1190185546875,191.9284338989937,190.4280634203361,190.8327710924892,37283200,62.79891773594384,2.6283604642396767,2.929038201746193,-0.3006777375065161,188.98201217651368,193.07531858416664,184.88870576886072,0.0,0.0,189.9674160736937,181.88710119004264,2.8708960448870555,-0.1783823808117626,191.98765563964844,1,0,1
2023-07-26,191.98765563964844,193.11292972833343,190.82290485561143,191.1683748904412,47471900,64.63532689911636,2.618091891694774,2.8668489397359096,-0.2487570480411349,189.2998519897461,193.28881203781737,185.3108919416748,0.0,0.0,190.33473235841277,182.283201364537,2.829405246875265,0.2732785812376619,190.7242126464844,0,0,1
2023-07-27,190.7242126464844,194.6527994732912,190.06286872536143,193.48804855415668,47460200,59.99616692306639,2.479423433503257,2.789363838489379,-0.3099404049861221,189.49578857421875,193.35838109361464,185.6331960548229,0.0,0.0,190.40554695624397,182.61422141480944,2.9551570683791586,-0.0002464615909621,193.30050659179688,1,0,1
2023-07-28,193.30050659179688,194.09017617119656,191.63233355900985,192.15548645475204,48291400,65.44284627787513,2.548040842996329,2.741099239390769,-0.1930583963944401,189.8037582397461,193.84436665964355,185.76314981984865,0.0,0.0,190.9319032536172,183.0332914217501,2.9845003866886586,0.0175136219400677,193.9124755859375,1,0,1
2023-07-31,193.9124755859375,193.9519673452193,192.7378442652397,193.5275137722519,38824100,66.60594880860663,2.62158145859334,2.717195683231284,-0.0956142246379432,189.92615661621093,194.2955140756113,185.5567991568106,0.0,0.0,191.47382549585723,183.45992609485552,2.8580448647808687,-0.1960452585760611,193.08334350585932,0,0,1
2023-08-01,193.08334350585932,194.1888718595327,192.75760424557475,193.7052107356477,35175100,63.48812533378749,2.583181587404198,2.690392864065866,-0.1072112766616681,190.0816223144531,194.6628572705043,185.50038735840192,0.0,0.0,191.7664651340394,183.83731501293408,2.7561322040078022,-0.0939880126004208,190.0924835205078,0,0,1
2023-08-02,190.0924835205078,192.6588907907613,189.3719170053564,192.52069974591456,50389300,53.71961306796291,2.285071130092291,2.609328517271152,-0.3242573871788603,190.1433143615723,194.69011299290617,185.5965157302384,0.0,0.0,191.46210484067,184.08261573872127,2.824367510900312,0.4325275550033973,188.70069885253903,0,0,1
2023-08-03,188.70069885253903,189.885195713569,188.22690312046603,189.09554118067888,61235200,49.87395735226165,1.9144425517895345,2.4703513241748283,-0.555908772385294,190.11172790527343,194.68929358291797,185.5341622276289,0.0,0.0,190.96003102464616,184.2637170373024,2.75588271726756,0.2152421248161813,179.63926696777344,0,0,1
2023-08-04,179.63926696777344,184.9596445164711,179.57016391801557,183.12366926443607,115956800,33.20648105782935,0.8793977597273113,2.152160611285325,-1.2727628515580136,189.6828414916992,196.1198298055393,183.24585317785912,0.0,1.0,188.90171028703296,184.0823660541836,3.2112150185001243,0.8936298076923077,176.5398712158203,0,0,1
2023-08-07,176.5398712158203,180.76458694137423,175.05924612335895,179.7775035464,97576100,29.566785834564925,-0.1888016417277072,1.6839681606827186,-1.8727698024104256,189.20114669799804,197.72121195352128,180.6810814424748,0.0,1.0,186.6541031831761,183.78658194287527,3.389366861322636,-0.1585133429001145,177.47756958007812,1,0,1
2023-08-08,177.47756958007812,177.94149990785485,175.2862435821482,177.3689898212007,67823000,31.995360793543284,-0.9487562703145898,1.1574232744832569,-2.106179544797847,188.7924934387207,198.63580320244756,178.94918367499386,0.0,1.0,184.9856425280674,183.5391696933538,3.3369303944929234,-0.3049220044662576,175.8883514404297,0,0,1
2023-08-09,175.8883514404297,178.59294967088076,174.72358547458126,178.53372709089916,60378500,30.10101120057034,-1.6601255172954836,0.5939135161275088,-2.2540390334229925,188.2209716796875,199.5546918282545,176.88725153112048,0.0,1.0,183.33158960304235,183.23913760500383,3.37496138033625,-0.1097636494994322,175.6711883544922,0,0,0
2023-08-10,175.6711883544922,178.41527829006225,175.30597241092943,177.1616784798233,54686900,29.84101091619173,-2.2158708371154887,0.0319566454789092,-2.247827482594398,187.6005897521973,200.1866569988253,175.01452250556923,0.0,0.0,181.9387893760332,182.9423552814544,3.355985987393148,-0.0942653427958627,175.73049926757812,1,0,0
2023-08-11,175.73049926757812,176.5508864753638,174.5048729038775,175.2659575562626,52036700,30.018800947310154,-2.6213003927725538,-0.4986947621713833,-2.1226056306011705,186.97576904296875,200.5753586841713,173.37617940176617,0.0,0.0,180.81000935631408,182.6595373985573,3.262416529114087,-0.048461331690039,177.38116455078125,1,0,0
2023-08-14,177.38116455078125,177.60849603671858,175.2560608313475,175.90841909398483,43675600,34.9587455936166,-2.777395259738114,-0.9544348616847296,-1.8229603980533848,186.2706130981445,200.3171715886991,172.22405460758998,0.0,0.0,180.1865830280354,182.45254238491904,3.197417863132444,-0.1606769837441651,175.39443969726562,0,0,1
2023-08-15,175.39443969726562,177.40092323969566,174.99907927707545,176.8078826094104,43622600,32.02827329977684,-3.0265257533991416,-1.368853040027612,-1.6576727133715297,185.47895355224608,200.09205490405952,170.86585220043264,0.0,0.0,179.31528424062267,182.17575404422675,3.140591155952998,-0.0012134922015953,174.52462768554688,0,0,1
2023-08-16,174.52462768554688,176.471793411816,174.45543132326716,175.07813825565708,46964900,30.810536584716104,-3.2566098533174,-1.7464044026855696,-1.5102054506318303,184.57618942260743,199.5494166157336,169.60296222948125,0.0,0.0,178.4442557760634,181.8757098732981,3.060289079709844,0.0766185417650484,171.98440551757812,0,0,1
2023-08-17,171.98440551757812,175.4537406821077,171.47042491030345,175.08803154260252,66062900,27.51977961000705,-3.602401616187421,-2.11760384538594,-1.4847977708014817,183.6436408996582,199.29888927294883,167.9883925263676,0.0,0.0,177.2697375472479,181.4878155848385,3.126219557716588,0.4066441108146723,172.46875,1,0,1
2023-08-18,172.46875,173.0716844916875,169.96805819399307,170.30411608587545,61172200,29.0752498327639,-3.793630911961486,-2.4528092587010493,-1.340821653260437,182.7940422058105,198.9311880599563,166.65689635166478,0.0,0.0,176.39683072047552,181.13412673837425,3.124605753429291,-0.0740309614019366,173.80308532714844,1,0,1
2023-08-21,173.80308532714844,174.08973444525807,171.7274205434044,173.0420157807921,46311900,33.32074403846387,-3.793779469026617,-2.721003300766163,-1.0727761682604542,181.97118072509767,198.179742896325,165.76261855387034,0.0,0.0,175.92524064896148,180.84663491832617,3.0701563354596035,-0.2429257080830834,175.17701721191406,1,0,1
2023-08-22,175.17701721191406,175.6218015319945,174.20837345764443,175.00898825019638,42038900,37.471196622959226,-3.641060501913728,-2.9050147409956764,-0.7360457609180515,181.174080657959,197.069726532471,165.27843478344698,0.0,0.0,175.78920002404377,180.62429696905517,2.980767754701493,-0.0922657027675392,179.02191162109375,1,0,1
2023-08-23,179.02191162109375,179.44693836874362,176.26423745502308,176.45203891919172,52722800,47.34813548011169,-3.1732000990056406,-2.9586518125976697,-0.2145482864079708,180.52579345703128,195.643006762534,165.40858015152855,0.0,0.0,176.37696576896192,180.56145832795863,3.072850140567783,0.2541431864297114,174.33685302734375,0,0,1
2023-08-24,174.33685302734375,179.00217866700072,173.9711287799832,178.57715186115848,54945800,39.2188496884772,-3.144217846667317,-2.995765019411599,-0.1484528272557179,179.70642547607423,194.2907913692792,165.12205958286927,0.0,0.0,176.0060361795768,180.31735615930708,3.2141310477494103,0.0421639214912712,176.541015625,1,0,1
2023-08-25,176.541015625,177.07475372946672,173.78334110152613,175.3252679389123,51449600,44.082996614470815,-2.9098487768266352,-2.9785817708946065,0.0687329940679712,178.8684509277344,192.0949046762304,165.64199717923836,0.0,0.0,176.10330516965374,180.169264373648,3.219651160620209,-0.0636299771775095,178.1027069091797,1,0,1
2023-08-28,178.1027069091797,178.49806733287568,176.48170504077262,178.003859262239,43820700,47.30092938939978,-2.568486254688395,-2.8965626676533645,0.3280764129649696,178.07796249389648,189.3603526707182,166.79557231707474,0.0,0.0,176.46683275865843,180.08822290445315,3.1337019557261265,-0.1482790925488244,181.9871826171875,1,0,1
2023-08-29,181.9871826171875,182.7581460326424,177.4207046822572,177.61838490226515,53003900,54.3396569325226,-1.961893780526026,-2.709628890227897,0.7477351097018712,177.52315444946288,186.69295209003292,168.3533568088928,0.0,0.0,177.47053273293642,180.16269191279568,3.291111912487489,0.2095630603801399,185.476318359375,1,0,1
2023-08-30,185.476318359375,185.67401369107617,182.6000383003729,182.79771855003776,60813900,59.563976963327015,-1.185949887939131,-2.404893089770144,1.218943201831013,177.29234619140624,185.34995474093247,169.23473764188,1.0,0.0,178.9261301195616,180.37106942050468,3.319377566873288,0.14734764800326,185.6937255859375,1,0,1
2023-08-31,185.6937255859375,186.9292456956689,185.30824391498265,185.6640743098665,60794500,59.87206737463236,-0.5471585137029251,-2.0333461745567,1.486187660853775,177.14199752807616,184.41669131635024,169.86730373980208,1.0,0.0,180.156602022539,180.57980103483536,3.1980650107170705,-0.0003190060167165,187.26535034179688,1,0,1
2023-09-01,187.26535034179688,187.7200133732383,186.09901131803056,187.2950016228893,45766500,62.11900342026048,0.0849262587581165,-1.6096916878937368,1.6946179466518534,177.52330169677734,185.9843171053558,169.06228628819886,1.0,0.0,181.4491017169495,180.84197943903,3.114366637615908,-0.2471934138779001,187.5025177001953,1,0,1
2023-09-05,187.5025177001953,187.77927298177536,185.43673181910435,186.09896874874457,45280000,62.46060660804343,0.598100883906028,-1.168133173533784,1.766234057439812,178.0714340209961,187.56408954361927,168.5787784983729,0.0,0.0,182.5497228048124,181.1031770178992,3.0592362465484157,-0.0106300459943408,180.79119873046875,0,0,1
2023-09-06,180.79119873046875,186.6623929808804,179.3678770840619,186.2175936548533,81755800,48.99587541797071,0.4579689386858376,-0.8429127510898597,1.3008816897756974,178.23711547851562,187.79795207945523,168.676278877576,0.0,0.0,182.2299911549317,181.09094257525487,3.421765130090201,0.8055609540636042,175.503173828125,0,0,0
2023-09-07,175.503173828125,176.1456533918577,171.52973657694065,173.15073850258275,112488800,41.419424042566,-0.0788768104763448,-0.6901055629671569,0.611228752490812,178.21785659790038,187.79907060136375,168.63664259443698,0.0,0.0,181.00693345914863,180.8718143890929,3.838886346050052,0.375912167699417,176.11599731445312,1,0,0
2023-09-08,176.11599731445312,178.15214742516778,175.73051558651892,176.2840413464044,65551300,42.52856051466129,-0.449697369338196,-0.6420239242413648,0.1923265549031687,178.24009704589844,187.79960236213424,168.68059172966264,0.0,0.0,180.11767234193127,180.6853117587149,3.7538925782638186,-0.4172637631479756,177.2823028564453,1,0,1
2023-09-11,177.2823028564453,178.21141635408188,175.2856982178241,177.98408488615974,58953100,44.67545557676164,-0.6420629221412355,-0.642031723821339,-3.119831989650823e-05,178.3176872253418,187.8194722517164,168.8159021989672,0.0,0.0,179.60215061729747,180.55186042921412,3.6947372609776736,-0.1006570426520908,174.25779724121094,0,0,0
2023-09-12,174.25779724121094,178.0434334916735,172.79494533569144,177.4108476610135,90370200,40.45501448954538,-1.0267308211692807,-0.7189715432909274,-0.3077592778783533,178.1615188598633,187.82109912230675,168.50193859741984,0.0,0.0,178.63045000346352,180.30503442184147,3.8057194677637023,0.5329168440675724,172.19198608398438,0,0,0
2023-09-13,172.19198608398438,175.24618840249718,171.96463950783718,174.46533118918654,84267900,37.82652522352183,-1.4812022210278712,-0.8714176788383162,-0.609784542189555,178.00139617919922,187.9412479210099,168.06154443738853,0.0,0.0,177.45982019992186,179.98687566349415,3.76827871254201,-0.0675255781219915,173.70425415039062,1,0,1
2023-09-14,173.70425415039062,174.060084556446,171.56927171405846,171.98440467411754,60895800,40.856000300593976,-1.6997529908786646,-1.037084741246386,-0.6626682496322787,177.96037750244142,187.9638481308416,167.95690687404124,0.0,0.0,176.77699000909797,179.7404983492548,3.6770311503881183,-0.2773547222607897,172.98268127441406,0,0,1
2023-09-15,172.98268127441406,174.45542656560403,171.80647888602266,174.4356540223445,109259500,39.858037715851694,-1.9091731910860688,-1.2115024312143226,-0.6976707598717462,178.0102912902832,187.90334454917792,168.11723803138847,0.0,0.0,176.08711569370087,179.47548591494734,3.603596616759065,0.794204197990666,175.90843200683594,1,0,1
2023-09-18,175.90843200683594,177.3021024660386,174.12927983360214,174.4356864419302,67257600,45.65450954808145,-1.8180986662566736,-1.3328216782227928,-0.485276988033881,178.182275390625,187.79976025806025,168.56479052318974,0.0,0.0,176.0546277506345,179.33560144796257,3.6547269435351706,-0.3844233224570861,176.99569702148438,1,0,1
2023-09-19,176.99569702148438,177.54920768301113,175.07816717117066,175.4636488877364,51826900,47.67285701459703,-1.6392915169596165,-1.3941156459701576,-0.2451758709894589,178.3419059753418,187.76741498036907,168.91639697031454,0.0,0.0,176.22573125442537,179.24384049006147,3.5701779126998345,-0.2294268603102103,173.4571533203125,0,0,1
2023-09-20,173.4571533203125,177.61837681135137,173.36818440563272,177.18347129792434,58436200,42.18207509449755,-1.7627960511712502,-1.467851727010376,-0.294944324160874,178.25591278076172,187.8256305513641,168.68619501015934,0.0,0.0,175.722353448223,179.01691158144388,3.6187503764868927,0.1275264389728114,171.91519165039062,0,0,1
2023-09-21,171.91519165039062,174.25774788080986,171.84601037143327,172.52801984046553,63149100,40.0190408801821,-1.9624755083260368,-1.5667764832735085,-0.3956990250525285,177.90057678222655,187.8503527378705,167.95080082658257,0.0,0.0,175.03014221225345,178.73841276061827,3.5325351716933,0.0806503502965627,172.7652587890625,1,0,1
2023-09-22,172.7652587890625,175.02874030453424,172.03384046276338,172.64665367280514,56725400,41.791143427623055,-2.02874351060936,-1.6591698887406787,-0.3695736218686809,177.8219970703125,187.90701641887964,167.73697772174538,0.0,0.0,174.61834522621874,178.5041714284004,3.502607563296894,-0.1017227482260237,174.04031372070312,1,0,1
2023-09-25,174.04031372070312,174.9200034718099,172.13266274999066,172.1820865728236,46172700,44.442560315859424,-1.9558295177305356,-1.71850181453865,-0.2373277031918852,177.69696197509765,187.90368149017823,167.49024246001704,0.0,0.0,174.51324858885226,178.32911818496132,3.451517074619919,-0.1860313016743822,169.96804809570312,0,0,1
2023-09-26,169.96804809570312,173.1705067749598,169.67152023376326,172.7949188930673,64588900,38.42291208325615,-2.2012676128513533,-1.8150549742011908,-0.3862126386501625,177.29022903442382,188.0340501740428,166.54640789480487,0.0,0.0,173.68684849918878,178.0012330834218,3.517036818357058,0.3988547345076203,168.45574951171875,0,0,1
2023-09-27,168.45574951171875,171.0355161486817,167.09174554279588,170.6203831944849,66921800,36.448499856562165,-2.489115949200027,-1.9498671692009584,-0.5392487799990688,176.6136573791504,187.78487159054825,165.44244316775257,0.0,0.0,172.73573959237604,177.6269003943354,3.5475178031805408,0.0361192093378273,168.71275329589844,1,0,1
2023-09-28,168.71275329589844,170.03722730338785,165.67830850769053,167.37838547451082,56294400,37.04059949329541,-2.6657704299466047,-2.093047821350088,-0.5727226085965169,175.77547912597657,186.67324774882007,164.87771050313307,0.0,0.0,172.004287538471,177.27732599831828,3.6054750169317393,-0.1588032599242698,169.22674560546875,1,0,1
2023-09-29,169.22674560546875,171.06520035560507,168.36681324873706,170.0273603208123,51861100,38.27911911140133,-2.732793551933952,-2.220996967466861,-0.5117965844670911,174.95213012695314,185.19676805304303,164.7074922008632,0.0,0.0,171.49927991428876,176.96161696330458,3.5406830233557587,-0.0787520605957253,171.7373046875,1,0,1
2023-10-02,171.7373046875,172.28093658205415,168.9499639274405,169.23661305458424,52164500,44.06687129663216,-2.5538890791188464,-2.287575389797258,-0.2663136893215885,174.17572784423828,182.79462257196548,165.5568331165111,0.0,0.0,171.54255714578173,176.7567419720965,3.5257037113027505,0.0058502422817872,170.40293884277344,0,0,1
2023-10-03,170.40293884277344,171.61870157072957,168.84125459232132,170.26456118455488,49594600,41.822096558497606,-2.4910627466736344,-2.3282728611725334,-0.1627898855011009,173.32074890136718,179.54067753066658,167.10082027206778,0.0,0.0,171.33535381796204,176.50757322192703,3.4807284530081737,-0.0492653049487677,171.64834594726562,1,0,1
2023-10-04,171.64834594726562,172.19197782627828,168.9895041879398,169.10810929534875,53020300,44.65579609535874,-2.31410294230065,-2.325438877398157,0.0113359350975068,172.86360626220704,178.0837074855338,167.64350503888028,0.0,0.0,171.39226147783543,176.31701528958737,3.4608531091031964,0.069074052416997,172.88389587402344,1,0,1
2023-10-05,172.88389587402344,173.4176340313492,170.67971670138417,171.77685938003185,48527900,47.39339400121035,-2.0505252901041047,-2.2704561599393465,0.2199308698352418,172.73264236450194,177.81077879024215,167.65450593876173,0.0,0.0,171.6634677316878,176.18238315564372,3.4092148391647563,-0.0847298110346415,175.43399047851562,1,0,1
2023-10-06,175.43399047851562,175.92819856079907,171.17390414032383,171.78673241813826,57266700,52.60434210194367,-1.6172244227529688,-2.139809812502071,0.5225853897491022,172.69854202270508,177.69382543892203,167.7032586064881,0.0,0.0,172.34901732202013,176.15303442320734,3.5052919521155057,0.1800778521221813,176.9166259765625,1,0,1
2023-10-09,176.9166259765625,176.97592853708252,173.7635757979471,174.76187075811515,42390800,55.37220562750044,-1.1410408610495892,-1.9400560222115748,0.7990151611619856,172.68025817871094,177.6105515761366,167.74996478128529,0.0,0.0,173.179491622846,176.18297919000557,3.4843677226169274,-0.2597652737105508,176.32354736328125,0,0,1
2023-10-10,176.32354736328125,177.6381425852869,175.88864186643335,176.03691333055846,43698000,54.01336078645119,-0.802270371759704,-1.7124988921212003,0.9102285203614966,172.78354568481444,177.92378936257617,167.6433020070527,0.0,0.0,173.75113812110695,176.18849166738894,3.3604486509195426,0.0308368797003122,177.7172393798828,1,0,1
2023-10-11,177.7172393798828,177.7666632072918,175.54272671219826,176.13576739500243,47551100,56.70230653767349,-0.4165315042195345,-1.4533054145408677,1.036773910321333,173.05980834960937,178.6199431474372,167.49967355178154,0.0,0.0,174.47224744088436,176.248442558075,3.2792692112176853,0.0881756602132821,178.61666870117188,1,0,1
2023-10-12,178.61666870117188,180.2277765858699,176.96600064702005,177.98408304070654,56743100,58.39313771310315,-0.0378182974203014,-1.1702079911167542,1.1323896936964528,173.30542907714843,179.36896419440083,167.24189395989603,0.0,0.0,175.22577857911844,176.34131417152977,3.278019691762839,0.1933078309439739,176.7782440185547,0,0,1
2023-10-13,176.7782440185547,179.82255265296823,176.0764618780152,179.31846581874476,51427100,53.77095881880447,0.1126703463010017,-0.9136323236332032,1.0263026699342048,173.49520721435547,179.74129804361206,167.2491163850989,0.0,0.0,175.5080450226523,176.3584486753347,3.311453340562138,-0.0936853996344929,176.6497344970703,0,0,1
2023-10-16,176.6497344970703,177.0055649122618,174.46532818230494,174.70255348644375,52517000,53.45244617985357,0.2190390899950216,-0.6870980409075582,0.90613713090258,173.5322723388672,179.84366149254586,167.2208831851885,0.0,0.0,175.71562492709194,176.3698716487361,3.256366439804618,0.0211931063583208,175.0979461669922,0,0,1
2023-10-17,175.0979461669922,176.35323912433296,172.77517684946517,174.60373800385415,57549400,49.62947986198842,0.1760908703759014,-0.5144602586508663,0.6905511290267677,173.43738479614257,179.59277456990168,167.28199502238346,0.0,0.0,175.6033196979829,176.3199922180795,3.300522954647513,0.0958242093036541,173.80308532714844,0,0,1
2023-10-18,173.80308532714844,175.52293478970745,173.08154578913502,173.54610256783715,54764400,46.6324153193011,0.0371415045856053,-0.4041399060035719,0.4412814105891773,173.45468139648438,179.6121399464164,167.29722284655236,0.0,0.0,175.27600435783117,176.22128998706262,3.239156243642149,-0.0483932065321272,173.427490234375,0,0,1
2023-10-19,173.427490234375,175.7799102245973,173.16061367257353,174.0007582826414,59302900,45.7690204064391,-0.102107225352654,-0.3437333698733884,0.2416261445207343,173.5302963256836,179.64728639108776,167.41330626027943,0.0,0.0,174.93991088083914,176.1117292124474,3.1948805513836938,0.0828731803872588,170.87741088867188,0,0,1
2023-10-20,170.87741088867188,173.38798159754705,170.6401855525277,173.2792552037354,64244000,40.31179182075,-0.4134667510258509,-0.3576800461038809,-0.05578670492197,173.43590393066407,179.6546201571209,167.21718770420725,0.0,0.0,174.20127451862692,175.90646182720133,3.1657679892739514,0.0833197027464087,170.9959716796875,1,0,1
2023-10-23,170.9959716796875,171.9942664316387,167.96152725501383,168.93018581492106,55980100,40.66601430815293,-0.6432396866599959,-0.4147919742151039,-0.2284477124448919,173.28368682861327,179.58426957623132,166.98310408099522,0.0,0.0,173.6184921842743,175.71389358612234,3.227694502656159,-0.1286330240956353,171.43087768554688,1,0,1
2023-10-24,171.43087768554688,171.65820914819068,169.46392436745393,171.04539603931104,43816600,42.02516040638513,-0.7812374940351958,-0.4880810781791224,-0.2931564158560734,173.35682830810546,179.53451659404092,167.17914002217,0.0,0.0,173.22074409359658,175.54593217825663,3.1538795225190586,-0.2172825700561449,169.11802673339844,0,0,1
2023-10-25,169.11802673339844,171.05531414118843,168.67322735441405,169.88899020331988,57157000,37.151295301060266,-1.064953373557131,-0.6034555372547241,-0.4614978363024069,173.38994216918945,179.4684962350237,167.3113881033552,0.0,0.0,172.47479548265147,175.29385745492888,3.125577437420042,0.3044599535335923,164.9567413330078,0,0,1
2023-10-26,164.9567413330078,169.3947344867521,163.75087263790635,168.39642470029793,70625300,30.33468899783773,-1.607056064683178,-0.804175642740415,-0.802880421942763,173.20214157104493,180.03268323258277,166.3715999095071,0.0,1.0,171.1078765463526,174.88848035210845,3.305454895379021,0.2356369298598597,166.2713623046875,1,0,1
2023-10-27,166.2713623046875,167.00279566914165,164.89746448966903,164.97653958977486,58499100,34.427961637602294,-1.9085963170874152,-1.0250597776098151,-0.8835365394776,173.05437240600585,180.3355359199388,165.7732088920729,0.0,0.0,170.22851032059532,174.55055415417036,3.2197317728142774,-0.1716976777443777,168.3173828125,1,0,1
2023-10-30,168.3173828125,169.18719386762373,166.91383366211736,167.06210513671374,51131000,40.30657256528856,-1.959880106044892,-1.2120238432968309,-0.7478562627480614,172.88337631225585,180.4358106262428,165.33094199826888,0.0,0.0,169.8810325918507,174.30611606234015,3.1980246149658456,-0.1259523650791209,168.7918243408203,1,0,1
2023-10-31,168.7918243408203,168.92030818010912,165.9550598323106,167.38827526603964,44846000,41.613719002671225,-1.9398777093103088,-1.3575946164995265,-0.5822830928107829,172.8028205871582,180.49248590280703,165.11315527150936,0.0,0.0,169.68299472802698,174.0898693281629,3.1813977387396077,-0.1229195595626919,171.95474243164062,1,0,1
2023-11-01,171.95474243164062,172.2117251766134,168.14933458405196,169.01914553939386,56934900,49.54576597938353,-1.649786893121643,-1.4160330718239498,-0.2337538212976933,172.81814041137696,180.49976125930863,165.13651956344526,0.0,0.0,170.09603976504764,174.00613886163262,3.2443257997268824,0.2695647326405923,175.5130615234375,1,0,1
2023-11-02,175.5130615234375,175.7206204672586,173.42750286114074,173.4868054165182,77334800,56.67657600589528,-1.1198522589487254,-1.356796909248905,0.2369446503001795,172.94959869384766,180.72068799555632,165.178509392139,0.0,0.0,171.0809528120276,174.0652338679779,3.2815795308619613,0.3583022012860302,174.6037139892578,0,0,1
2023-11-03,174.6037139892578,174.77175801380423,171.34195262679097,172.2216424329047,79829200,54.554591335570834,-0.7644400011814696,-1.238325527635418,0.4738855264539483,172.90808486938477,180.63438503950508,165.18178469926443,0.0,0.0,171.72145484425124,174.08635073547907,3.345117342703716,0.0322545606893662,177.15382385253906,1,0,1
2023-11-06,177.15382385253906,177.35150406781844,174.16881791314302,174.33684685023218,63841300,59.17116056789104,-0.2738439696640853,-1.0454292160411514,0.771585246377066,172.9199447631836,180.67150791080135,165.1683816155658,0.0,0.0,172.70915830030356,174.2066437988932,3.3335151149874096,-0.2002763399858698,179.7137908935547,1,0,1
2023-11-07,179.7137908935547,180.32660394138705,176.89679947181725,177.1043583703275,70530000,63.21136365350719,0.3178607645079125,-0.7727712199313387,1.0906319844392511,173.08945693969727,181.2678529093428,164.91106097005175,0.0,0.0,173.98272786271284,174.42261035162502,3.340392926029009,0.1047707361848835,180.7714233398437,1,0,1
2023-11-08,180.7714233398437,181.32493395317235,179.4864793691692,180.23768527185777,49340300,64.76276121829726,0.8621942896798771,-0.4457781180090955,1.3079724076889727,173.24216613769528,181.86261437033136,164.62171790505917,0.0,0.0,175.21703613128207,174.67158340998657,3.2331116158843054,-0.3004352757691763,180.29698181152344,0,0,1
2023-11-09,180.29698181152344,181.9871648721256,179.7039261272927,180.84061367506283,53763500,63.46973096382843,1.240993661391002,-0.108423762129076,1.349417423520078,173.3261817932129,182.18399882041808,164.4683647660077,0.0,0.0,176.1406626185987,174.89218726887037,3.165263553666347,0.0896467998775849,184.4834747314453,1,0,1
2023-11-10,184.4834747314453,184.65174012268164,181.6429882023789,182.07846664625703,66133400,69.29532461386039,1.8575966651881688,0.2847803233343729,1.5728163418537957,173.71144332885743,183.7304705822607,163.69241607545416,1.0,0.0,177.65753754820716,175.26831618897134,3.2502274649157656,0.2300798869121243,182.8999481201172,0,0,0
2023-11-13,182.8999481201172,184.11729742228064,182.31601793716675,183.9094650326421,43627500,65.06846734279202,2.1931997827559258,0.6664642152186835,1.5267355675372425,174.02395401000976,184.7547167258218,163.29319129419773,0.0,0.0,178.61070310673625,175.5675958725457,3.172886702727394,-0.3403106448481402,185.5127868652344,1,0,0
2023-11-14,185.5127868652344,186.17589626502485,184.38450869065176,185.7701081675421,60108400,68.48441315510485,2.6395745493183256,1.061086282038612,1.5784882672797136,174.54469604492186,186.38667829620772,162.70271379363598,0.0,0.0,179.8656274264632,175.95760336245505,3.1802482343116987,0.3777640249842415,186.07693481445312,1,0,0
2023-11-15,186.07693481445312,187.55162053928348,185.849303830722,185.9185913616288,53790500,69.18509245961144,3.0042210028382783,1.4497132261985453,1.554507776639733,175.15838851928712,188.0119708504333,162.30480618814093,0.0,0.0,180.99495604246133,176.3544398899844,3.0987186228643684,-0.1051084374230556,187.7594757080078,1,0,0
2023-11-16,187.7594757080078,188.9966236513369,186.7103615664657,187.6209157424311,54412900,71.23888648433268,3.389896318297417,1.83774984461832,1.5521464736790973,175.87498779296874,189.81481557384163,161.93516001209585,0.0,0.0,182.22486870892436,176.80169619657357,3.0859307810086123,0.0115708164081018,187.7396697998047,0,0,0
2023-11-17,187.7396697998047,188.42257785422723,186.63119011836693,188.2939096405236,50922700,71.178746934622,3.651852332680278,2.200570342230712,1.4512819904495662,176.71810073852538,191.36850761500256,162.0676938620482,0.0,0.0,183.22755981635711,177.23063633787677,2.993463420640876,-0.0641428778837371,189.4815826416016,1,0,0
2023-11-20,189.4815826416016,189.93685974559065,187.92773262314063,187.9376243703497,46505100,73.31260521330621,3.9544279856571336,2.551341870915996,1.4030861147411375,177.64238128662112,193.04530261294133,162.2394599603009,0.0,0.0,184.36465487549248,177.71106560468948,2.936586743865525,-0.0867510952875633,188.679916381836,0,0,0
2023-11-21,188.679916381836,189.5508734120303,187.7891758568857,189.442003783256,38134500,70.717635389004,4.082473391220049,2.857568174976807,1.2249052162432417,178.50483322143555,194.34540053525797,162.66426590761316,0.0,0.0,185.14924787664583,178.14121661555797,2.8526660875283154,-0.1799931620402923,189.3430328369141,1,0,0
2023-11-22,189.3430328369141,190.9463718813115,188.8679722130009,189.52119000957208,39617700,71.61270847770234,4.1891681311263085,3.1238881662067075,1.065279964919601,179.51608352661134,195.41274830501965,163.61941874820303,0.0,0.0,185.91175423305825,178.5805035261994,2.810793902667403,0.0388939149588953,188.01678466796875,0,0,0
2023-11-24,188.01678466796875,188.93721542830764,187.3041862913633,188.9075250877743,24048300,67.18915567995779,4.11922349357431,3.322955231680228,0.796268261894082,180.66908569335936,195.4827209679242,165.85545041879453,0.0,0.0,186.2944870394056,178.9505537670531,2.755654805730502,-0.3929910115933029,187.838623046875,0,0,0
2023-11-27,187.838623046875,188.7095799535061,186.95777439426936,187.9672912540552,40552600,66.59405476726934,4.003268522942619,3.459017889932707,0.5442506330099124,181.7474487304688,195.29786894926517,168.1970285116724,0.0,0.0,186.57523904076368,179.2991055035167,2.683951288123805,0.6862979919578516,188.4423370361328,1,0,0
2023-11-28,188.4423370361328,189.1153532572532,187.4526188477037,187.8287165919152,38415400,67.6399831279277,3.91495883828091,3.550206079602348,0.3647527586785619,182.7536964416504,195.10095209032792,170.40644079297286,0.0,0.0,186.91471140355804,179.657663602835,2.611007225368493,-0.0527019229346577,187.42295837402344,0,0,1
2023-11-29,187.42295837402344,190.11499348364924,187.02707707633283,188.93722623545,43014200,63.99644747684204,3.7198374674143793,3.5841323571647545,0.1357051102496247,183.68525314331052,194.37904374285017,172.99146254377092,0.0,0.0,187.00711994364264,179.962184966411,2.6450721669362016,0.1197124070034414,187.9969787597656,1,0,1
2023-11-30,187.9969787597656,188.36318478193425,186.2550800746654,187.888109148078,48794400,65.1353366637806,3.570364088334088,3.581378703398621,-0.0110146150645333,184.4873649597168,193.86717536130416,175.1075545581294,0.0,0.0,187.18709427384684,180.27727491909155,2.606717348388534,0.1343788795328053,189.27374267578125,1,0,1
2023-12-01,189.27374267578125,189.5904446947665,187.28439912721964,188.3730953528953,45704800,67.59100465815067,3.5144175186703706,3.567986466452972,-0.0535689477826011,185.175399017334,193.81030131017127,176.54049672449668,0.0,0.0,187.56648489238037,180.63007757621665,2.5852407926141283,-0.0633187414949256,187.4823303222656,0,0,1
2023-12-04,187.4823303222656,188.09596593756663,185.52269231677565,188.02667840765253,43389500,61.089411854906494,3.287629704907829,3.5119151141439438,-0.2242854092361144,185.8193298339844,193.0037039586304,178.63495570933833,0.0,0.0,187.5511840614504,180.89879337017936,2.668512904499234,-0.0506576989725368,191.43133544921875,1,0,1
2023-12-05,191.43133544921875,192.4012552746417,188.22464232394304,188.25434777036745,66628400,68.32297216366658,3.387501431262109,3.487032377567577,-0.0995309463054678,186.5332054138184,192.9251910842609,180.14121974337587,0.0,0.0,188.2566661319537,181.31183423602403,2.8292566222047246,0.5355881031125043,190.3426513671875,0,0,1
2023-12-06,190.3426513671875,192.757551595734,190.1348038567878,192.4507413057332,41089700,64.74927240582929,3.340297911961585,3.4576854844463787,-0.1173875724847937,187.0646484375,192.837797220959,181.29149965404105,0.0,0.0,188.6359361747235,181.66598392744223,2.8145059876862546,-0.3833005144953203,192.2725982666016,1,0,1
2023-12-07,192.2725982666016,192.9950884718347,191.59958189996595,191.6391790931292,47477700,67.94972395446186,3.4192049026399616,3.4499893680850957,-0.0307844654451336,187.6397071838379,193.07202607060523,182.2073882970706,0.0,0.0,189.2971474641559,182.08192958780143,2.80292963889775,0.1554647515070686,193.69776916503903,1,0,1
2023-12-08,193.69776916503903,193.97488907234165,191.6787354382317,192.2032849129047,53406400,70.10798805732466,3.55575016754662,3.4711415279774007,0.0846086395692191,188.30974655151368,193.23632521074128,183.3831678922861,1.0,0.0,190.0972605006801,182.53745270847745,2.7667313528414783,0.124873361599235,191.1937866210937,0,0,1
2023-12-11,191.1937866210937,191.5006120000344,189.4518877342921,191.12451418849048,60943700,62.18470087559246,3.4224608112750445,3.46140538463693,-0.0389445733618853,188.6452621459961,193.39461585417283,183.89590843781937,0.0,0.0,190.29662888620985,182.876916783482,2.8723849298347264,0.1411310254950717,192.7080535888672,1,0,1
2023-12-12,192.7080535888672,192.71794533501543,189.748790485074,191.09480795445688,52696900,64.77719436704615,3.399825651382912,3.4490894379861268,-0.0492637866032148,189.1356674194336,193.41280425696547,184.8585305819017,0.0,0.0,190.7350697412384,183.26245156016375,2.8792970669852047,-0.1353183347909627,195.9246368408203,1,0,1
2023-12-13,195.9246368408203,195.96421892707963,192.8466123940007,193.08413511536145,70404200,69.55228739892816,3.59994063565307,3.4792596775195155,0.1206809581335544,189.6562599182129,194.5350714319668,184.77744840445905,1.0,0.0,191.67862739570785,183.7590078456797,2.9062162292157216,0.3360216635134134,196.0731201171875,1,0,1
2023-12-14,196.0731201171875,197.5675895200596,194.14317218582164,195.98404908233329,66831600,69.7561149556497,3.727545734997676,3.528916889015148,0.1986288459825282,190.1560691833496,195.49240405886368,184.8197343078356,1.0,0.0,192.4776260723405,184.24191420926823,2.943230593860168,-0.0507441317421404,195.5386657714844,0,0,1
2023-12-15,195.5386657714844,196.36011872958812,194.9745190512041,195.4990685795855,128538400,67.9917746402358,3.742407551807048,3.571615021573528,0.1707925302335202,190.54502868652347,196.2474009185073,184.8426564545396,0.0,0.0,193.0341787449121,184.6849240744532,2.83197124275473,0.92331771198056,193.8759155273437,0,0,0
2023-12-18,193.8759155273437,194.6083124997745,192.39133809002112,194.0738561652729,55751900,62.680106992919335,3.5787618611501277,3.573044389488848,0.0057174716612791,190.8518409729004,196.577700531816,185.1259814139848,0.0,0.0,193.1872217962633,185.04535511182144,2.8544967026624835,-0.5662626888151712,194.9151153564453,1,0,1
2023-12-19,194.9151153564453,194.92500710230044,193.87590816937887,194.14313632648785,40714100,64.54440780929352,3.492664946163188,3.5569685008237166,-0.0643035546605284,191.12351760864257,197.07471522551668,185.1723199917685,0.0,0.0,193.50138426175093,185.43240453317927,2.725539719109561,-0.2697271303758257,192.8268280029297,0,0,1
2023-12-20,192.8268280029297,195.6475162401682,192.8268280029297,194.87553713507947,52242800,58.24748128929888,3.2188206233583685,3.4893389253306477,-0.2705183019722788,191.33086318969723,197.2156571694287,185.4460692099658,0.0,0.0,193.37873766923795,185.72238192414983,2.732336041833057,0.2831623442492896,192.6783142089844,0,0,1
2023-12-21,192.6783142089844,195.0536467316969,191.5104540892898,194.08372721342,46482500,57.81548956202259,2.955741257275065,3.38261939171953,-0.4268781344444656,191.4976272583008,197.33649616530332,185.65875835129825,0.0,0.0,193.25138794919184,185.99516358237867,2.790254370445488,-0.1102601698224444,191.6094512939453,0,0,1
2023-12-22,191.6094512939453,193.4008388358449,190.9859239896969,193.1731927744169,37149600,54.67274516999673,2.630675866041201,3.232230686583865,-0.6015548205426633,191.6772605895996,197.2935374233715,186.0609837558277,0.0,0.0,192.95285401187428,186.2153317279303,2.763444404424239,-0.2007830904103694,191.0651397705078,0,0,1
2023-12-26,191.0651397705078,191.8964996004414,190.84740051477692,191.6193796571302,28919300,53.090082156990064,2.3025949295462453,3.046303535176341,-0.7437086056300961,191.83858642578124,197.18333825485945,186.49383459670307,0.0,0.0,192.60963324071676,186.40552027861963,2.640991167369968,-0.2215447811012769,191.16409301757807,1,0,1
2023-12-27,191.16409301757807,191.5105004803971,189.1252756354868,190.5108903848591,48087700,53.35444174824565,2.027204769043891,2.842483781949852,-0.8152790129059606,191.9746742248535,197.10072327323508,186.8486251764719,0.0,0.0,192.3468077456006,186.59213097426507,2.622722144337137,0.6628237889575475,191.5896759033203,1,0,1
2023-12-28,191.5896759033203,192.65857351066376,191.1838877640513,192.1439157511496,34049900,54.541000005432544,1.82229083054375,2.638445191668631,-0.8161543611248812,192.18301010131836,196.8722301644953,187.49379003814136,0.0,0.0,192.20914741064053,186.78811312834569,2.5421334549620336,-0.2919208030327922,190.5504913330078,0,0,1
